 country_ name,iso,1950,1951,1952,1953,1954,1955,1956,1957,1958,1959,1960,1961,1962,1963,1964,1965,1966,1967,1968,1969,1970,1971,1972,1973,1974,1975,1976,1977,1978,1979,1980,1981,1982,1983,1984,1985,1986,1987,1988,1989,1990,1991,1992,1993,1994,1995,1996,1997,1998,1999,2000,2001,2002,2003,2004,2005,2006,2007,2008,2009,2010,2011,2012,2013,2014
Albania,ALB,,,,,,,,,,,,,,,,,,,,,2.150602,2.20204,2.253842,2.305999,2.358467,2.411229,2.464338,2.517869,2.571845,2.62629,2.681245,2.735329,2.788315,2.84262,2.90159,2.966799,3.041003,3.121336,3.197064,3.253659,3.281453,3.275438,3.240613,3.189623,3.140634,3.106727,3.092034,3.092471,3.102898,3.114851,3.121965,3.124093,3.123112,3.117045,3.103758,3.082172,3.050741,3.010849,2.968026,2.929886,2.901883,2.88601,2.880667,2.883281,2.889676
Algeria,DZA,,,,,,,,,,,11.39336405,11.61513738,11.48908476,11.77308064,12.12814645,12.49392015,12.88665534,13.32671105,13.72959638,14.12858539,14.550033,14.960111,15.377095,15.804428,16.247113,16.709098,17.190236,17.690184,18.212331,18.760761,19.337723,19.943667,20.575701,21.228288,21.893857,22.565908,23.241276,23.917889,24.591493,25.257671,25.912364,26.554277,27.180921,27.785977,28.362015,28.9043,29.411839,29.887717,30.33688,30.766551,31.183658,31.59032,31.990387,32.394886,32.817225,33.267887,33.749328,34.261971,34.811059,35.40179,36.036159,36.717132,37.439427,38.186135,38.934334
Angola,AGO,,,,,,,,,,,,,,,,,,,,,6.300969,6.437645,6.587647,6.750215,6.923749,7.107334,7.299508,7.50132,7.717139,7.952882,8.21195,8.49795,8.807511,9.128655,9.444918,9.745209,10.0237,10.285712,10.544904,10.820992,11.12787,11.472173,11.848971,12.246786,12.648483,13.042666,13.424813,13.801868,14.18771,14.601983,15.058638,15.562791,16.109696,16.691395,17.2955,17.912942,18.541467,19.183907,19.842251,20.520103,21.219954,21.942296,22.685632,23.448202,24.227524
Anguilla,AIA,,,,,,,,,,,,,,,,,,,,,0.0064,0.006454,0.006506,0.006554,0.006596,0.00663,0.006661,0.006691,0.006712,0.006715,0.006698,0.006652,0.006587,0.006537,0.006551,0.006662,0.006883,0.007198,0.007576,0.007966,0.008334,0.008668,0.008979,0.009266,0.00954,0.009807,0.010063,0.010305,0.010545,0.010797,0.011071,0.011371,0.011693,0.012023,0.012342,0.012637,0.012903,0.013145,0.013365,0.013571,0.013768,0.013956,0.014133,0.0143,0.01446
Antigua and Barbuda,ATG,,,,,,,,,,,,,,,,,,,,,0.065369,0.066338,0.067205,0.067972,0.068655,0.069253,0.069782,0.070223,0.070508,0.070553,0.070301,0.06975,0.06895,0.067958,0.066863,0.065744,0.064605,0.063484,0.062538,0.061967,0.061906,0.062412,0.063434,0.064868,0.06655,0.068349,0.070245,0.072232,0.074206,0.076041,0.077648,0.078972,0.08003,0.080904,0.081718,0.082565,0.083467,0.084397,0.08535,0.0863,0.087233,0.088152,0.089069,0.089985,0.0909
Argentina,ARG,17.15802882,17.52519975,17.8849764,18.23899409,18.58889387,18.93631107,19.28015612,19.61933561,19.95548678,20.29024878,20.62525694,20.95998077,21.29333069,21.62610053,21.9590898,22.29309615,22.62174808,22.94451319,23.27094779,23.61061196,23.973062,24.366442,24.78295,25.213388,25.644505,26.066975,26.477153,26.878567,27.277742,27.68453,28.105889,28.543366,28.993989,29.454739,29.920907,30.388781,30.857242,31.326473,31.795515,32.263559,32.72974,33.19392,33.655149,34.110912,34.558114,34.994818,35.419683,35.833965,36.241578,36.648054,37.057453,37.471535,37.889443,38.309475,38.728778,39.145491,39.55875,39.969903,40.38186,40.798641,41.222875,41.655616,42.095224,42.538304,42.980026
Armenia,ARM,,,,,,,,,,,,,,,,,,,,,,,,,,,,,,,,,,,,,,,,,3.544695,3.511912,3.449497,3.369673,3.289943,3.223173,3.173425,3.137652,3.112958,3.09382,3.076098,3.060036,3.047249,3.03642,3.025982,3.014917,3.002161,2.988117,2.975029,2.966108,2.963496,2.967984,2.978339,2.992192,3.006154
Aruba,ABW,,,,,,,,,,,,,,,,,,,,,0.059065,0.059438,0.059849,0.060239,0.060525,0.060655,0.060589,0.060366,0.060106,0.059978,0.060096,0.060567,0.061344,0.062204,0.062831,0.063028,0.062644,0.061835,0.061077,0.061032,0.062148,0.064623,0.068235,0.072498,0.0767,0.080326,0.083195,0.085447,0.087276,0.089004,0.090858,0.092894,0.094995,0.097015,0.098742,0.100031,0.10083,0.101218,0.101342,0.101416,0.101597,0.101936,0.102393,0.102921,0.103441
Australia,AUS,8.427065478,8.675028677,8.859129784,9.02906351,9.23913815,9.456324671,9.684161518,9.900220403,10.10683437,10.32747865,10.56145722,10.80358782,11.00353124,11.21403652,11.43504631,11.66039847,11.8802641,12.10164134,12.33546924,12.61855926,12.90476,13.150591,13.364238,13.55219,13.7254,13.892674,14.054956,14.211657,14.368543,14.532401,14.708323,14.898019,15.101227,15.318254,15.548591,15.791043,16.047026,16.314778,16.585905,16.849253,17.096869,17.325818,17.538387,17.738428,17.932214,18.12477,18.31834,18.512971,18.709175,18.906936,19.107251,19.308681,19.514385,19.735255,19.985475,20.274282,20.606228,20.975949,21.370348,21.77069,22.162863,22.542371,22.911375,23.270465,23.622353
Austria,AUT,6.974720956,6.975073913,6.967351057,6.972089123,6.979858976,6.986573315,6.99207868,7.005656501,7.027277525,7.054404394,7.087699861,7.126783633,7.170597799,7.216806894,7.265071389,7.312428075,7.363897479,7.419143429,7.457767781,7.483566265,7.509746,7.543451,7.57366,7.598925,7.617432,7.628138,7.630536,7.625724,7.616309,7.605888,7.597269,7.591618,7.588957,7.589573,7.593397,7.600514,7.610435,7.6237,7.642479,7.669601,7.706571,7.755143,7.813393,7.874675,7.929911,7.972833,8.000453,8.015256,8.023166,8.032953,8.050884,8.078877,8.114698,8.155466,8.196624,8.234858,8.269372,8.30129,8.331465,8.361362,8.391986,8.423559,8.455477,8.486962,8.516916
Azerbaijan,AZE,,,,,,,,,,,,,,,,,,,,,,,,,,,,,,,,,,,,,,,,,7.216503,7.332519,7.45092,7.567156,7.675128,7.770806,7.852287,7.921789,7.984531,8.047997,8.117742,8.195648,8.280599,8.371536,8.466304,8.563398,8.662137,8.763359,8.868713,8.980488,9.099893,9.227512,9.361477,9.497496,9.629779
Bahamas,BHS,,,,,,,,,,,,,,,,,,,,,0.169356,0.173867,0.177844,0.181489,0.185097,0.188882,0.192905,0.197118,0.201511,0.206038,0.21066,0.215404,0.220275,0.225185,0.230016,0.234684,0.239132,0.243391,0.247576,0.251855,0.256338,0.261117,0.266133,0.271165,0.275903,0.280151,0.283792,0.286968,0.290054,0.293572,0.297891,0.303138,0.30917,0.315757,0.322539,0.329243,0.335801,0.342259,0.348587,0.35478,0.36083,0.366711,0.372388,0.377841,0.383054
Bahrain,BHR,,,,,,,,,,,,,,,,,,,,,0.213102,0.220808,0.229588,0.23986,0.252139,0.266686,0.283843,0.303236,0.323511,0.342829,0.359902,0.374125,0.38595,0.396447,0.407223,0.419425,0.433487,0.448994,0.465235,0.481126,0.495944,0.509654,0.522748,0.535692,0.549151,0.56373,0.579855,0.597834,0.618054,0.640904,0.666855,0.694893,0.725365,0.761595,0.807989,0.867014,0.940808,1.026568,1.115777,1.196774,1.261319,1.306014,1.333577,1.349427,1.36193
Bangladesh,BGD,,,,,,,,,,51.64679296,52.74186449,53.82025971,54.87748984,56.21347048,57.3462102,58.24052107,59.41122013,60.63755725,61.8998157,63.19903474,65.048701,66.41745,67.578486,68.658472,69.83796,71.247153,72.930206,74.848466,76.948378,79.141947,81.364176,83.599582,85.868228,88.181211,90.55954,93.015182,95.550798,98.149262,100.779551,103.400571,105.983136,108.509679,110.987459,113.442354,115.91371,118.427768,120.987124,123.574107,126.169583,128.746273,131.280739,133.776064,136.228456,138.600174,140.843786,142.929979,144.839238,146.592687,148.252473,149.905836,151.616777,153.405612,155.257387,157.157394,159.077513
Barbados,BRB,,,,,,,,,,,0.232427548,0.22968451,0.22883418,0.230825942,0.233357914,0.235069562,0.236317041,0.238314796,0.239959423,0.239412208,0.238847,0.240038,0.241441,0.24298,0.244539,0.246033,0.247444,0.248785,0.250035,0.251176,0.252197,0.25308,0.253836,0.254515,0.255195,0.255929,0.256738,0.257609,0.258524,0.259454,0.260374,0.261281,0.262184,0.263091,0.264015,0.264962,0.26594,0.266944,0.267949,0.26892,0.269838,0.270686,0.271479,0.272261,0.273091,0.274013,0.27504,0.276154,0.277315,0.278466,0.279566,0.280602,0.28158,0.282503,0.28338
Belarus,BLR,,,,,,,,,,,,,,,,,,,,,,,,,,,,,,,,,,,,,,,,,10.231983,10.241137,10.234863,10.216281,10.190064,10.159731,10.126941,10.091181,10.051298,10.005259,9.952055,9.891535,9.825802,9.758817,9.695791,9.640616,9.594233,9.556061,9.526453,9.505319,9.492122,9.487674,9.490962,9.497294,9.500422
Belgium,BEL,8.663141468,8.702265552,8.754427809,8.80202661,8.843647589,8.892877835,8.948400526,9.013845769,9.077616533,9.128779459,9.143791433,9.191021102,9.243765745,9.308643904,9.392774263,9.474097886,9.533962172,9.58279651,9.616187585,9.63915118,9.66432,9.6929,9.715673,9.734412,9.751592,9.769006,9.787576,9.806885,9.825779,9.842453,9.855747,9.865512,9.872709,9.878636,9.885088,9.893499,9.903895,9.916261,9.931873,9.952253,9.978241,10.011217,10.050405,10.091889,10.130251,10.161914,10.185077,10.201758,10.216867,10.237402,10.26838,10.311331,10.364613,10.426169,10.492643,10.561436,10.632032,10.70483,10.779155,10.854388,10.929978,11.005175,11.079521,11.153122,11.226322
Belize,BLZ,,,,,,,,,,,,,,,,,,,,,0.122179,0.124792,0.127148,0.129294,0.131306,0.133261,0.135145,0.136991,0.138972,0.141308,0.144151,0.147566,0.151498,0.15582,0.160342,0.164916,0.16957,0.174326,0.179025,0.18347,0.187552,0.191127,0.194321,0.197615,0.201678,0.206962,0.213674,0.221608,0.230289,0.239024,0.247312,0.254989,0.262202,0.269132,0.276085,0.283279,0.290751,0.298403,0.306165,0.313925,0.321609,0.329193,0.336707,0.344193,0.351706
Benin,BEN,,,,,,,,,,2.231113051,2.280970462,2.332873422,2.388423704,2.444896203,2.503705074,2.56469948,2.628227668,2.694138007,2.762534231,2.833796605,2.907769,2.971941,3.0393,3.110074,3.184547,3.262959,3.345501,3.432262,3.52327,3.618509,3.718024,3.822206,3.931355,4.045352,4.163968,4.287263,4.41445,4.546136,4.685375,4.83624,5.001271,5.182525,5.378226,5.58242,5.786794,5.985658,6.176318,6.361301,6.546493,6.740491,6.949366,7.174911,7.414744,7.665681,7.922796,8.182362,8.443717,8.707637,8.973525,9.240982,9.509798,9.779391,10.049792,10.322232,10.598482
Bermuda,BMU,,,,,,,,,,,,,,,,,,,,,0.052286,0.052857,0.053426,0.05398,0.054507,0.054994,0.055439,0.055851,0.056237,0.056613,0.05699,0.05737,0.057752,0.058138,0.058528,0.058923,0.059324,0.05973,0.060138,0.060539,0.060931,0.061311,0.06168,0.062036,0.062374,0.062694,0.062989,0.063257,0.063511,0.063768,0.064035,0.064321,0.064614,0.064875,0.065058,0.065124,0.065064,0.064891,0.064627,0.064306,0.063954,0.063578,0.063179,0.062773,0.062376
Bhutan,BTN,,,,,,,,,,,,,,,,,,,,,0.291457,0.301653,0.312712,0.324465,0.336677,0.349146,0.361862,0.374801,0.387731,0.400378,0.412561,0.423887,0.434385,0.444789,0.456135,0.46901,0.484151,0.500952,0.517068,0.529284,0.535505,0.534678,0.528085,0.518847,0.511382,0.508897,0.512377,0.520917,0.533506,0.548387,0.564187,0.580784,0.598421,0.616474,0.634235,0.651163,0.66692,0.681471,0.69499,0.70783,0.720246,0.732246,0.743711,0.754637,0.765008
Bolivia (Plurinational State of),BOL,2.867572774,2.92732791,2.989165712,3.053081977,3.119086345,3.187173378,3.257345301,3.329645615,3.404159101,3.480967078,3.560142708,3.641741358,3.725855965,3.812648425,3.902251222,3.994775831,4.090317907,4.189003754,4.291020234,4.396560387,4.505774,4.600596,4.69809,4.79851,4.902173,5.009259,5.119833,5.233677,5.35032,5.469123,5.589572,5.711598,5.835186,5.959962,6.085499,6.211549,6.337893,6.464736,6.592787,6.723046,6.856246,6.992521,7.131699,7.273824,7.418864,7.566716,7.717445,7.87086,8.026257,8.18271,8.339512,8.496378,8.653343,8.81042,8.96774,9.125405,9.283345,9.441482,9.599916,9.758799,9.918245,10.078238,10.238762,10.399931,10.561887
Bosnia and Herzegovina,BIH,,,,,,,,,,,,,,,,,,,,,,,,,,,,,,,,,,,,,,,,,4.526996,4.437898,4.301169,4.141167,3.992256,3.879278,3.810649,3.779354,3.775898,3.784389,3.792878,3.799747,3.808347,3.817313,3.825872,3.833377,3.838504,3.840418,3.839749,3.837732,3.835258,3.83231,3.828419,3.823533,3.817554
Botswana,BWA,,,,,,,,,,,0.589418966,0.598781905,0.608487716,0.618542517,0.628901041,0.63855352,0.647886787,0.656877075,0.66684523,0.678632535,0.693021,0.715811,0.739754,0.765177,0.792513,0.822029,0.85386,0.887793,0.923305,0.959666,0.996331,1.033073,1.069962,1.107103,1.144716,1.182942,1.221668,1.26072,1.300097,1.339813,1.379814,1.420098,1.460453,1.500356,1.539135,1.576291,1.611827,1.645846,1.678111,1.708368,1.736579,1.762531,1.786672,1.810438,1.83575,1.864003,1.895671,1.930431,1.967866,2.007212,2.047831,2.089706,2.132822,2.17651,2.219937
Brazil,BRA,53.609605,55.166902,56.778935,58.447918,60.176149,61.966034,63.830273,65.755431,67.743648,69.797146,71.918214,74.062968,76.276333,78.560636,80.918301,83.351833,85.824043,88.324188,90.851302,93.404391,95.982453,98.4022,100.84439,103.32079,105.84627,108.43128,111.07606,113.77647,116.53215,119.34144,122.19972,125.10738,128.05476,131.01434,133.95055,136.83643,139.66464,142.43748,145.15047,147.80182,150.39314,152.91685,155.37901,157.81222,160.26051,162.75505,165.30316,167.89383,170.51648,173.15307,175.78644,178.4194,181.04559,183.62734,186.11636,188.47924,190.69824,192.78452,194.7697,196.7013,198.61421,200.51758,202.40158,204.25938,206.0779
British Virgin Islands,VGB,,,,,,,,,,,,,,,,,,,,,0.009802,0.009969,0.010125,0.010263,0.01038,0.010476,0.010544,0.010596,0.010663,0.010788,0.011003,0.011316,0.011715,0.012192,0.012729,0.013308,0.013932,0.014595,0.015265,0.015896,0.016459,0.016937,0.017343,0.0177,0.018051,0.018425,0.018834,0.01927,0.019726,0.020186,0.020643,0.021087,0.02153,0.022,0.022538,0.023169,0.023908,0.024735,0.025604,0.02645,0.027223,0.027906,0.028511,0.029058,0.029585
Brunei Darussalam,BRN,,,,,,,,,,,,,,,,,,,,,0.129729,0.135716,0.141836,0.148067,0.154395,0.160799,0.167283,0.173826,0.180357,0.186786,0.193057,0.199136,0.205061,0.210933,0.216893,0.223049,0.229418,0.23598,0.24275,0.249738,0.256939,0.264365,0.271989,0.279717,0.287423,0.29501,0.302449,0.309746,0.316873,0.323812,0.330554,0.337074,0.343383,0.349557,0.3557,0.361889,0.36815,0.374459,0.380786,0.38708,0.393302,0.399443,0.405512,0.411499,0.417394
Bulgaria,BGR,,,,,,,,,,,,,,,,,,,,,8.494765,8.54681,8.596962,8.644419,8.688112,8.727332,8.761231,8.790072,8.815565,8.840131,8.865235,8.891245,8.916713,8.939007,8.954518,8.960387,8.956741,8.943721,8.91866,8.878348,8.821111,8.745408,8.653527,8.552429,8.451626,8.358116,8.274662,8.199923,8.131743,8.066219,8.00051,7.934389,7.869124,7.805041,7.74274,7.682614,7.624611,7.568378,7.513646,7.460057,7.407297,7.355231,7.303741,7.252539,7.201308
Burkina Faso,BFA,,,,,,,,,,5.105684838,5.160122864,5.186520398,5.217215206,5.252278083,5.291798533,5.335870108,5.384604057,5.438118204,5.496549083,5.560041824,5.624597,5.723379,5.825171,5.930487,6.040044,6.154548,6.274037,6.398937,6.53082,6.671659,6.82284,6.985158,7.158256,7.340907,7.531244,7.727912,7.93069,8.140076,8.356306,8.579825,8.811033,9.05009,9.297116,9.552473,9.816586,10.089876,10.372809,10.665781,10.969093,11.283016,11.607944,11.94374,12.290984,12.651596,13.028039,13.421929,13.834195,14.264002,14.709011,15.165856,15.632066,16.106851,16.590813,17.084554,17.589198
Burundi,BDI,,,,,,,,,,,2.763603959,2.840903288,2.907418428,2.953104963,3.031995241,3.112315922,3.193746382,3.269701666,3.338203737,3.396480486,3.457113,3.507593,3.547335,3.582952,3.623853,3.676991,3.744696,3.825484,3.917866,4.018927,4.126544,4.239673,4.359122,4.486613,4.624617,4.774258,4.936429,5.108581,5.284173,5.454475,5.613141,5.759429,5.895131,6.019901,6.134041,6.23903,6.333415,6.420397,6.51192,6.623707,6.767073,6.94672,7.159918,7.401215,7.661613,7.934213,8.21807,8.514578,8.821795,9.137786,9.461117,9.790151,10.124572,10.465959,10.81686
Cabo Verde,CPV,,,,,,,,,,,0.19774136,0.204150905,0.210916209,0.217992046,0.225373371,0.232865255,0.240413415,0.248007787,0.255560978,0.26289609,0.270197,0.273053,0.273788,0.273211,0.272509,0.272575,0.273625,0.275479,0.278152,0.281555,0.285599,0.290428,0.296071,0.302174,0.308251,0.313976,0.319161,0.323972,0.328861,0.334473,0.341256,0.349326,0.358473,0.368423,0.378763,0.389156,0.399508,0.409805,0.419884,0.429576,0.438737,0.447357,0.455396,0.462675,0.468985,0.474224,0.478265,0.481278,0.483824,0.486673,0.490379,0.495159,0.50087,0.507258,0.513906
Cambodia,KHM,,,,,,,,,,,,,,,,,,,,,7.022185,7.167716,7.331162,7.478147,7.561583,7.551988,7.431505,7.22205,6.982522,6.795102,6.718241,6.774509,6.945053,7.196139,7.475011,7.743065,7.990133,8.228268,8.467109,8.72355,9.008856,9.323607,9.659238,10.007092,10.355253,10.694459,11.022162,11.338733,11.641509,11.928306,12.197905,12.448881,12.681984,12.901217,13.112334,13.320058,13.52536,13.7287,13.93366,14.144337,14.363586,14.593099,14.832255,15.078564,15.328136
Cameroon,CMR,,,,,,,,,,,5.64564208,5.736641554,5.831730877,5.931125074,6.035108292,6.143925315,6.257832449,6.377167114,6.502222096,6.63337609,6.770967,6.948847,7.134374,7.327874,7.529704,7.740196,7.9595,8.18784,8.425707,8.673666,8.932121,9.201146,9.480638,9.770555,10.070779,10.381098,10.701458,11.031515,11.370394,11.716975,12.070359,12.430311,12.796739,13.1691,13.546823,13.929575,14.317191,14.709961,15.10863,15.514249,15.927713,16.349364,16.779434,17.218591,17.667576,18.126999,18.597109,19.0781,19.570418,20.074522,20.590666,21.119065,21.659488,22.211166,22.773014
Canada,CAN,13.81121224,14.12590339,14.57431249,14.96641935,15.41281769,15.82101157,16.21010275,16.76709577,17.21248826,17.61665968,18.00575087,18.36870122,18.71455963,19.06644938,19.42940161,19.78430704,20.15630628,20.5222723,20.84098591,21.14159985,21.4392,21.790338,22.141998,22.488744,22.823272,23.140609,23.43994,23.723801,23.994948,24.257594,24.515788,24.768525,25.017501,25.272656,25.546736,25.848173,26.181342,26.541981,26.919036,27.296517,27.66244,28.014102,28.353843,28.680921,28.995822,29.299478,29.590952,29.871092,30.145148,30.420216,30.701903,30.991344,31.288572,31.596593,31.918582,32.256333,32.611436,32.982275,33.363256,33.746559,34.126173,34.499905,34.868151,35.230612,35.587793
Cayman Islands,CYM,,,,,,,,,,,,,,,,,,,,,0.009144,0.009583,0.010137,0.010785,0.011494,0.012238,0.01302,0.01384,0.014663,0.015447,0.016164,0.016795,0.017357,0.017911,0.018543,0.019315,0.020254,0.021343,0.022539,0.023776,0.025009,0.026211,0.027402,0.028652,0.030055,0.031672,0.033535,0.035596,0.037742,0.03981,0.041685,0.043317,0.044742,0.046032,0.047299,0.048623,0.050028,0.05148,0.052925,0.054285,0.055509,0.05658,0.057522,0.058369,0.059172
Central African Republic,CAF,,,,,,,,,,,1.459043588,1.486287728,1.514751742,1.544470478,1.575538519,1.61821765,1.675454914,1.723707989,1.752963405,1.784395322,1.82871,1.864757,1.900702,1.937383,1.975968,2.017379,2.061552,2.108417,2.158844,2.213888,2.274095,2.340259,2.411693,2.485666,2.558432,2.627424,2.691312,2.751163,2.80972,2.871005,2.937832,3.01095,3.089141,3.170848,3.253698,3.33584,3.417163,3.49791,3.577028,3.65331,3.726048,3.794677,3.859784,3.923294,3.987896,4.055608,4.127112,4.202104,4.280405,4.361492,4.444973,4.530903,4.6195,4.710678,4.804316
Chad,TCD,,,,,,,,,,,2.975104933,3.026961526,3.080830923,3.136787968,3.199099581,3.270646594,3.343839197,3.41842372,3.493325796,3.568728684,3.644911,3.727382,3.816299,3.908729,4.000511,4.088858,4.17307,4.25477,4.336389,4.421448,4.512795,4.610964,4.716073,4.830055,4.955088,5.09265,5.244158,5.409275,5.585528,5.769273,5.958022,6.151213,6.350174,6.556628,6.773104,7.001634,7.242018,7.494143,7.760157,8.042713,8.343321,8.663599,9.002102,9.353516,9.710498,10.067932,10.423616,10.779504,11.13974,11.510535,11.89638,12.298512,12.715465,13.145788,13.587053
Chile,CHL,,6.380934982,6.509214062,6.626745386,6.748572113,6.882409036,7.030986893,7.193862809,7.368755247,7.552529525,7.741864565,7.933707934,8.12552989,8.315461108,8.50231264,8.685543301,8.865179371,9.041701688,9.2159376,9.38893638,9.561868,9.741579,9.916558,10.087377,10.255074,10.42059,10.584237,10.746328,10.907901,11.070198,11.23434,11.400489,11.569135,11.742057,11.921407,12.108576,12.304203,12.507488,12.716508,12.928491,13.141202,13.354054,13.566942,13.778676,13.987999,14.193986,14.39602,14.59407,14.788609,14.980484,15.170387,15.358418,15.544554,15.729268,15.913119,16.096571,16.279728,16.462701,16.64594,16.829957,17.015048,17.201305,17.388437,17.575833,17.762647
China,CHN,,,566.2077909,575.7229213,586.1037361,597.9345362,610.1609455,624.0354756,637.3284716,644.8639924,641.2285629,635.3248019,643.8318719,664.4748248,685.9748004,705.1739033,725.2361644,744.3710266,764.9016788,787.0634291,808.510713,829.367784,849.787991,869.474823,888.132761,905.580445,921.688199,936.554514,950.537317,964.155176,977.837433,991.553829,1005.328574,1019.698475,1035.328572,1052.62241,1071.834975,1092.646739,1114.162025,1135.128009,1154.605773,1172.327831,1188.450231,1202.982955,1216.067023,1227.841281,1238.234851,1247.259143,1255.262566,1262.713651,1269.974572,1277.188787,1284.349938,1291.485488,1298.573031,1305.60063,1312.600877,1319.625197,1326.690636,1333.807063,1340.968737,1348.174478,1355.386952,1362.51426,1369.43567
"China, Hong Kong SAR",HKG,,,,,,,,,,,3.074676132,3.167457448,3.304529617,3.420206153,3.503889116,3.597170055,3.629163628,3.722044821,3.801928639,3.863116127,3.958197,4.005761,4.068406,4.147596,4.243512,4.355301,4.485813,4.633329,4.78658,4.930298,5.053684,5.152057,5.228813,5.29121,5.350467,5.41479,5.486965,5.564596,5.644652,5.722161,5.794034,5.857335,5.914576,5.974379,6.048585,6.144498,6.267295,6.411273,6.559656,6.689135,6.783502,6.836538,6.854755,6.850361,6.841705,6.842465,6.855818,6.878566,6.910384,6.949275,6.99357,7.044211,7.101858,7.16393,7.226869
"China, Macao SAR",MAC,,,,,,,,,,,,,,,,,,,,,0.250997,0.253881,0.254282,0.252845,0.25055,0.248213,0.245915,0.243729,0.242458,0.243073,0.246236,0.252258,0.260921,0.271674,0.283672,0.296222,0.309226,0.322655,0.335952,0.348467,0.359735,0.369484,0.377799,0.385041,0.391783,0.398459,0.405231,0.412031,0.41881,0.425448,0.431907,0.438088,0.444178,0.450754,0.458579,0.468149,0.479728,0.493022,0.507274,0.521405,0.534626,0.546682,0.557763,0.568056,0.577914
Colombia,COL,11.93327626,12.31762158,12.71476146,13.12536351,13.54990094,13.98886956,14.4427799,14.9129112,15.39911326,15.90196141,16.42287136,16.96169291,17.51118543,18.06311669,18.62313193,19.19569824,19.76762836,20.34649378,20.92056614,21.48417666,22.061214,22.611988,23.146803,23.674505,24.208022,24.756969,25.323412,25.905124,26.502172,27.11351,27.737905,28.375995,29.027158,29.687096,30.350082,31.011686,31.66978,32.324326,32.975533,33.624442,34.271563,34.91677,35.558683,36.19517,36.823539,37.44198,38.04904,38.645409,39.234059,39.819279,40.403959,40.988909,41.572493,42.152147,42.724157,43.285636,43.835744,44.374647,44.90166,45.416276,45.918101,46.406446,46.881018,47.342363,47.791393
Comoros,COM,,,,,,,,,,,0.176853516,0.181021051,0.185352975,0.189857975,0.194557333,0.199460717,0.204577796,0.210192865,0.216057391,0.222138521,0.228443,0.233125,0.237797,0.242875,0.248921,0.256309,0.265234,0.275496,0.286583,0.297765,0.308518,0.318659,0.328355,0.337853,0.347548,0.357729,0.368443,0.379589,0.391133,0.403003,0.415144,0.427556,0.440252,0.453188,0.466309,0.479574,0.492979,0.506525,0.52018,0.533909,0.547696,0.561525,0.575428,0.5895,0.603869,0.618632,0.633814,0.649404,0.665414,0.681845,0.698695,0.715972,0.733661,0.751697,0.769991
Congo,COG,,,,,,,,,,,1.051585514,1.075083763,1.099547393,1.125017182,1.151538284,1.179155978,1.207918296,1.237877898,1.269088192,1.301475757,1.33509,1.376189,1.419305,1.464052,1.50988,1.556406,1.603446,1.651134,1.699781,1.749859,1.801688,1.855391,1.9108,1.967596,2.02532,2.083648,2.142529,2.202106,2.262496,2.32389,2.386467,2.450125,2.514907,2.581306,2.649964,2.721277,2.795903,2.873638,2.953011,3.031969,3.109269,3.183883,3.256867,3.331564,3.412592,3.503086,3.604595,3.715665,3.832771,3.950786,4.066078,4.177435,4.286188,4.394334,4.504962
Costa Rica,CRI,0.923606079,0.953811917,0.986816344,1.021519965,1.058691862,1.099169504,1.14164554,1.184946282,1.229804364,1.278531732,1.329532438,1.381269334,1.43304344,1.484449006,1.53424491,1.584763035,1.63892033,1.692478844,1.745487723,1.797287482,1.848873,1.898366,1.947048,1.995744,2.04558,2.09741,2.151492,2.207727,2.266153,2.326708,2.389309,2.454127,2.521163,2.589932,2.659772,2.730231,2.800986,2.872214,2.94456,3.018953,3.095994,3.175654,3.257463,3.341005,3.425692,3.510925,3.596733,3.682725,3.767369,3.848725,3.92545,3.9968,4.063208,4.12597,4.187039,4.247843,4.30879,4.369465,4.429506,4.488261,4.545273,4.600487,4.654148,4.706433,4.757606
Croatia,HRV,,,,,,,,,,,,,,,,,,,,,,,,,,,,,,,,,,,,,,,,,4.776374,4.760003,4.732864,4.697536,4.657799,4.616762,4.574853,4.532298,4.491742,4.456298,4.428069,4.408458,4.396765,4.390291,4.385045,4.378056,4.368518,4.357114,4.344151,4.330399,4.316425,4.302073,4.287015,4.271497,4.255853
Cura’_ao,CUW,,,,,,,,,,,,,,,,,,,,,,,,,,,,,,,,,,,,,,,,,,,,,,,,,,,,,,,,0.129398,0.131922,0.135563,0.139823,0.144006,0.147605,0.150438,0.152619,0.154304,0.155763
Cyprus,CYP,0.493211483,0.5011987,0.507189165,0.514177961,0.522165208,0.529154004,0.535144469,0.545128498,0.557109368,0.566094947,0.572085411,0.577776306,0.575080584,0.581370561,0.585563839,0.589856973,0.594050311,0.598443243,0.60333546,0.608427272,0.613619,0.62086,0.628,0.635109,0.5205,0.5022,0.4979,0.4975,0.4996,0.5032,0.5086,0.515,0.5208,0.5276,0.5348,0.5411,0.5475,0.5535,0.5593,0.5675,0.5794,0.5949,0.6106,0.6258,0.639,0.6507,0.6609,0.6704,0.6789,0.6864,0.6936,0.7013,0.7096,0.717836,0.72798,0.73854,0.750965,0.767125,0.786632,0.808035,0.829446,0.850881,0.863945,0.873392,0.882577
Czech Republic,CZE,,,,,,,,,,,,,,,,,,,,,,,,,,,,,,,,,,,,,,,,,10.323701,10.32844,10.33393,10.338381,10.339439,10.335556,10.326682,10.313836,10.297977,10.280525,10.26301,10.244261,10.225198,10.211846,10.212088,10.230877,10.271476,10.330487,10.397984,10.460022,10.506617,10.533985,10.545161,10.545314,10.542666
C’‚te d'Ivoire,CIV,,,,,,,,,,,3.36000028,3.481331581,3.610654085,3.759788493,3.919012206,4.093145754,4.287861136,4.500829069,4.733850167,4.978919113,5.241914,5.487594,5.747633,6.021405,6.307936,6.606395,6.916302,7.237451,7.569558,7.91239,8.265549,8.629121,9.0024,9.383289,9.769105,10.158033,10.548148,10.939987,11.337122,11.744698,12.165909,12.600967,13.046907,13.499696,13.953779,14.40434,14.852193,15.29639,15.728482,16.137824,16.517948,16.865376,17.185421,17.491539,17.802516,18.132702,18.486392,18.862172,19.261647,19.684909,20.131707,20.604172,21.102641,21.62249,22.157107
D.R. of the Congo,COD,12.46545904,12.70712087,12.95350592,13.20470267,13.46565511,13.73674525,14.01851716,14.31125995,14.6154152,14.93144902,15.25985027,15.58483637,16.06457842,16.56134191,16.93385627,17.32233019,17.7705351,18.31962453,18.89799069,19.45672105,20.009902,20.563111,21.120996,21.690604,22.282079,22.902275,23.556784,24.242643,24.948113,25.656486,26.357407,27.049145,27.741104,28.448122,29.190679,29.985665,30.829103,31.721541,32.688708,33.763056,34.962676,36.309209,37.783835,39.314955,40.804011,42.18362,43.424997,44.558347,45.647949,46.788238,48.048664,49.449015,50.971407,52.602208,54.314855,56.089536,57.92684,59.834875,61.809278,63.845097,65.938712,68.087376,70.29116,72.552861,74.87703
Denmark,DNK,4.272179114,4.304808073,4.33519671,4.370486201,4.407216616,4.440225719,4.467704369,4.489070187,4.516378559,4.547891412,4.582264646,4.611089779,4.648182213,4.684872085,4.721474194,4.759413724,4.798824703,4.840135926,4.868643875,4.892037287,4.930118,4.960476,4.989146,5.015766,5.03992,5.061289,5.079962,5.095956,5.108836,5.118065,5.123435,5.124807,5.12281,5.118966,5.115308,5.113408,5.113767,5.116351,5.121511,5.129472,5.140332,5.154309,5.171304,5.190631,5.211321,5.232582,5.254383,5.276683,5.29868,5.31941,5.338283,5.354704,5.369058,5.382953,5.398645,5.417692,5.440696,5.466988,5.495302,5.523755,5.550959,5.576577,5.600972,5.624293,5.646899
Djibouti,DJI,,,,,,,,,,,,,,,,,,,,,0.159667,0.16937,0.179212,0.190536,0.205157,0.224182,0.248619,0.277622,0.308213,0.336254,0.35896,0.374683,0.384743,0.392908,0.404589,0.42347,0.451068,0.485565,0.523266,0.55881,0.588356,0.610679,0.627063,0.639215,0.649878,0.661076,0.673202,0.685644,0.698256,0.710652,0.722562,0.734088,0.745459,0.756656,0.767644,0.778406,0.788941,0.799309,0.809639,0.820097,0.830802,0.841802,0.853069,0.864554,0.876174
Dominica,DMA,,,,,,,,,,,,,,,,,,,,,0.071076,0.071566,0.071737,0.071745,0.071811,0.072091,0.072648,0.073411,0.074239,0.074923,0.075313,0.075376,0.075168,0.07475,0.074215,0.07364,0.073025,0.072368,0.071743,0.071242,0.070928,0.070849,0.070978,0.071205,0.071372,0.071367,0.071146,0.070756,0.070295,0.069902,0.069679,0.06966,0.069806,0.070058,0.070325,0.070542,0.07069,0.070795,0.070881,0.070995,0.071167,0.071402,0.071685,0.072005,0.072341
Dominican Republic,DOM,,2.463079369,2.536612387,2.615594912,2.699296749,2.78699159,2.879163479,2.976298888,3.077668837,3.182545318,3.290202505,3.401253345,3.516181154,3.634067848,3.753991948,3.875031972,3.997735566,4.12271713,4.249155198,4.376227815,4.503114,4.631114,4.759935,4.889437,5.019471,5.149934,5.280727,5.411867,5.54352,5.67593,5.809271,5.943591,6.078816,6.214857,6.351572,6.488857,6.626544,6.764623,6.903314,7.04294,7.183646,7.325622,7.468551,7.611463,7.753052,7.89242,8.029114,8.163474,8.296375,8.429116,8.562623,8.697127,8.832286,8.967759,9.102997,9.237565,9.371333,9.504336,9.636491,9.767737,9.897983,10.02714,10.155036,10.281408,10.405943
Ecuador,ECU,3.445162533,3.535690867,3.628385331,3.724328986,3.824185615,3.928620461,4.037191329,4.149453097,4.266072472,4.387715429,4.515047946,4.648211406,4.786762152,4.930488593,5.079177674,5.232619268,5.390954272,5.554325047,5.722517077,5.895319746,6.07252,6.248831,6.428707,6.611916,6.798205,6.987393,7.179399,7.374235,7.571953,7.772652,7.976449,8.183194,8.392935,8.606214,8.823746,9.045977,9.272905,9.504132,9.739179,9.97738,10.218085,10.460988,10.70567,10.9512,11.196476,11.440576,11.68348,11.924991,12.163887,12.398691,12.628596,12.852753,13.072056,13.2896,13.509645,13.735232,13.96749,14.205479,14.4476,14.69131,14.934692,15.17728,15.419493,15.661312,15.902916
Egypt,EGY,21.97716664,22.5025528,23.04049796,23.5913047,24.1552795,24.7327368,25.32399694,25.92939215,26.54926057,27.18394827,27.83380525,28.53492459,29.20929052,29.88045095,30.61905154,31.37804988,32.12580424,32.84616055,33.52699484,34.17846545,34.808599,35.561087,36.302154,37.046807,37.815578,38.62441,39.478585,40.377668,41.324806,42.32174,43.369552,44.465918,45.61043,46.807221,48.061546,49.373806,50.748187,52.17384,53.617678,55.035937,56.397273,57.689828,58.922018,60.108373,61.272847,62.434527,63.595629,64.754566,65.922626,67.112877,68.334905,69.599945,70.90871,72.247626,73.596068,74.942115,76.274285,77.605327,78.976122,80.442443,82.040994,83.787634,85.660902,87.613909,89.57967
El Salvador,SLV,1.974616614,2.025469215,2.079531495,2.136806245,2.197296984,2.261005168,2.327935409,2.398088193,2.471468129,2.548076918,2.627918684,2.712668044,2.797004089,2.886993781,2.976349303,3.072018124,3.184352763,3.290953424,3.407399607,3.53144369,3.668592,3.765252,3.862132,3.958616,4.053958,4.147525,4.239205,4.328817,4.415625,4.498757,4.577683,4.652058,4.722272,4.789472,4.85528,4.920932,4.986528,5.051885,5.117577,5.184221,5.252082,5.321576,5.392142,5.461834,5.528012,5.588743,5.643363,5.6923,5.736075,5.77566,5.811836,5.844738,5.874301,5.900929,5.925089,5.947206,5.967556,5.986414,6.004199,6.021368,6.038306,6.055208,6.072233,6.089644,6.107706
Equatorial Guinea,GNQ,,,,,,,,,,,0.262325981,0.266801939,0.268084169,0.269373916,0.270669065,0.271970658,0.275752782,0.279533848,0.283312766,0.287100275,0.290905,0.284915,0.274906,0.262399,0.249587,0.23824,0.228491,0.220352,0.215284,0.215014,0.220605,0.232934,0.251301,0.273199,0.29509,0.314407,0.330247,0.34329,0.354488,0.365451,0.377363,0.390381,0.404081,0.418409,0.433197,0.448332,0.463844,0.479836,0.49633,0.513347,0.530896,0.549007,0.567664,0.586772,0.606201,0.625866,0.645718,0.665798,0.686223,0.707155,0.72871,0.750918,0.773729,0.797082,0.820885
Estonia,EST,,,,,,,,,,,,,,,,,,,,,,,,,,,,,,,,,,,,,,,,,1.56532,1.548287,1.520879,1.48812,1.457145,1.433076,1.417786,1.409718,1.406388,1.403821,1.399145,1.391754,1.382735,1.37289,1.363549,1.355662,1.349369,1.344233,1.339941,1.336013,1.332089,1.328068,1.32404,1.32005,1.316203
Ethiopia,ETH,19.45331778,19.77812089,20.11515809,20.46486895,20.82771142,21.20416367,21.594737,21.99995188,22.42036007,22.85508244,23.30463765,23.76764815,24.24642026,24.74234071,25.2559741,25.78430055,26.33153909,26.86428505,27.43411767,27.92687292,28.414999,29.24617,30.135007,31.028728,31.855294,32.568539,33.144537,33.614153,34.053431,34.569428,35.239974,36.093319,37.109517,38.259376,39.493503,40.775997,42.097111,43.470219,44.908705,46.433604,48.057094,49.784987,51.602776,53.477944,55.366517,57.237226,59.076414,60.893264,62.707547,64.550161,66.443603,68.393128,70.39117,72.43229,74.506974,76.608431,78.735675,80.891968,83.079608,85.302099,87.561814,89.858696,92.191211,94.558374,96.958732
Fiji,FJI,,,,,,,,,,,0.392992389,0.406990717,0.421487605,0.436060419,0.450239574,0.463025002,0.473571471,0.484561534,0.494552483,0.505542516,0.520529,0.531601,0.542811,0.554109,0.565386,0.576592,0.587523,0.598258,0.609348,0.621541,0.635256,0.650957,0.668196,0.685389,0.700366,0.711663,0.718548,0.721725,0.722918,0.724624,0.728626,0.735469,0.744534,0.755024,0.765666,0.775498,0.784479,0.792859,0.800314,0.806494,0.811223,0.814215,0.815691,0.816626,0.818355,0.82182,0.82739,0.834729,0.843206,0.851854,0.859952,0.867327,0.874158,0.880487,0.88645
Finland,FIN,4.009276983,4.047680288,4.090884365,4.139789089,4.187293687,4.235298058,4.282102593,4.324406317,4.360209662,4.395113131,4.430016123,4.461423093,4.491865331,4.5237344,4.548971471,4.564161116,4.581299777,4.606176802,4.626904001,4.624219632,4.60674,4.623389,4.644847,4.668813,4.691818,4.711459,4.726803,4.738949,4.74994,4.762758,4.779454,4.800899,4.826135,4.853196,4.879222,4.902219,4.921293,4.937259,4.951886,4.967776,4.986705,5.009381,5.034898,5.061465,5.086499,5.108176,5.126021,5.140755,5.153229,5.16478,5.176482,5.188446,5.200632,5.2138,5.228842,5.246368,5.2666,5.289333,5.31417,5.340485,5.367693,5.395816,5.424644,5.453061,5.47966
France,FRA,42.58299182,42.9276824,43.24989666,43.56183362,43.88888087,44.28577172,44.72591509,45.2216017,45.72392462,46.19948836,46.65554434,47.20039005,48.1625322,48.87393888,49.43274872,49.87831346,50.33215351,50.72820002,51.11279632,51.54932925,51.99813,52.441905,52.919033,53.399306,53.838682,54.20709,54.494304,54.715569,54.897276,55.077848,55.285646,55.527915,55.797684,56.091787,56.402568,56.723582,57.056509,57.402141,57.751544,58.092992,58.418028,58.724885,59.01591,59.292228,59.55646,59.811881,60.055803,60.290831,60.531978,60.799015,61.105231,61.456854,61.847608,62.262671,62.680418,63.084614,63.470828,63.842097,64.198684,64.542997,64.876959,65.199104,65.508241,65.807241,66.100168
Gabon,GAB,,,,,,,,,,,0.51147606,0.516616017,0.522551861,0.52908403,0.53623433,0.544025693,0.552205822,0.560789586,0.569790825,0.57771524,0.590119,0.601734,0.613129,0.624625,0.636702,0.649719,0.663774,0.678786,0.694734,0.711544,0.729165,0.747593,0.766867,0.787017,0.808088,0.830091,0.853039,0.876877,0.901473,0.926648,0.952269,0.978252,1.004598,1.031358,1.058625,1.086449,1.114879,1.143838,1.173114,1.202412,1.231548,1.260435,1.289192,1.318093,1.347524,1.377777,1.40892,1.440902,1.473741,1.507428,1.541936,1.577298,1.613489,1.650351,1.687673
Gambia,GMB,,,,,,,,,,,0.324863986,0.334758906,0.345232549,0.35632739,0.368089587,0.380240397,0.392792693,0.405758525,0.419153572,0.432989828,0.447283,0.460193,0.474538,0.48986,0.505512,0.52107,0.536409,0.551823,0.567828,0.585155,0.604371,0.625413,0.648202,0.67323,0.701097,0.732092,0.766598,0.804134,0.84306,0.881146,0.916811,0.94949,0.979701,1.008296,1.036627,1.065746,1.095839,1.126786,1.159001,1.19292,1.228863,1.267103,1.307674,1.350345,1.394727,1.440542,1.487731,1.536424,1.586749,1.638899,1.693002,1.749099,1.807108,1.866878,1.928201
Georgia,GEO,,,,,,,,,,,,,,,,,,,,,,,,,,,,,,,,,,,,,,,,,5.460309,5.418449,5.345624,5.25285,5.156079,5.067143,4.989723,4.921287,4.859954,4.801695,4.743591,4.685769,4.629853,4.575993,4.524444,4.475273,4.429186,4.385885,4.34329,4.298591,4.250132,4.196401,4.13892,4.082727,4.034774
Germany,DEU,68.54884908,68.88770351,69.26164643,69.65864748,70.07469657,70.50377852,70.94789839,71.41206882,71.9033075,72.42963466,72.99907051,73.61061255,74.25624053,74.91289631,75.55351166,76.15603094,76.71243393,77.22171812,77.67385821,78.0578264,78.366605,78.584779,78.700104,78.732884,78.713928,78.667327,78.604473,78.524727,78.426715,78.305017,78.159527,77.990369,77.812348,77.657451,77.566776,77.570009,77.671877,77.864381,78.146938,78.51479,78.958237,79.483739,80.07594,80.675999,81.206786,81.6129,81.870772,81.993831,82.010184,81.96583,81.895925,81.809438,81.699829,81.569481,81.417791,81.246801,81.055904,80.854515,80.665906,80.519685,80.435307,80.424665,80.477952,80.565861,80.646262
Ghana,GHA,,,,,,5.916492229,6.080894351,6.251689254,6.429157724,6.613600137,6.806300086,6.997261214,7.1945946,7.398629539,7.611842731,7.834655823,8.065382698,8.304770098,8.553308699,8.812272767,8.596977,8.827273,9.083575,9.350111,9.60428,9.831409,10.023471,10.189889,10.35449,10.55077,10.802025,11.117608,11.488112,11.89513,12.311166,12.716238,13.103975,13.480381,13.852597,14.232493,14.62826,15.042736,15.471527,15.907244,16.339344,16.760991,17.169214,17.568583,17.969006,18.384426,18.824994,19.293804,19.788181,20.305396,20.840493,21.389514,21.951891,22.528041,23.115919,23.713164,24.317734,24.928503,25.544565,26.164432,26.786598
Greece,GRC,,7.634114434,7.720823131,7.804533058,7.880727729,7.952737738,8.018107033,8.083207825,8.159995204,8.244891024,8.314023184,8.384554992,8.434656694,8.465998345,8.496753478,8.536592995,8.599809498,8.702434197,8.726718574,8.75866674,8.778676,8.819206,8.856097,8.897126,8.952862,9.03008,9.132531,9.255749,9.388188,9.513594,9.620274,9.704947,9.77125,9.822999,9.866725,9.907831,9.945576,9.979755,10.017036,10.065859,10.131737,10.217782,10.321044,10.433351,10.54297,10.641169,10.725634,10.79819,10.859311,10.910741,10.954032,10.987715,11.01149,11.029587,11.047739,11.069662,11.098212,11.131302,11.161755,11.179425,11.177509,11.153047,11.109662,11.055164,11.000777
Grenada,GRD,,,,,,,,,,,,,,,,,,,,,0.09443,0.09418,0.093937,0.093629,0.093151,0.092453,0.091435,0.090187,0.08907,0.088571,0.089004,0.090575,0.093091,0.095981,0.09844,0.099907,0.100146,0.099381,0.098063,0.096871,0.096286,0.096455,0.097201,0.098302,0.099403,0.100253,0.100796,0.101125,0.101302,0.101441,0.10162,0.101849,0.1021,0.102371,0.102657,0.102951,0.103259,0.103587,0.103934,0.104298,0.104677,0.10507,0.105476,0.105902,0.106349
Guatemala,GTM,3.058750804,3.158486004,3.261494439,3.368079706,3.478383041,3.592471501,3.71046274,3.832491118,3.958800296,4.089626079,4.223685797,4.359659447,4.498932369,4.64264133,4.790752431,4.889136678,4.989206913,5.091662195,5.19744082,5.30694169,5.423384,5.577824,5.73772,5.90198,6.069077,6.237963,6.408029,6.57971,6.754258,6.933492,7.118628,7.310397,7.508161,7.710142,7.913814,8.117499,8.320498,8.523785,8.729406,8.940285,9.158547,9.385,9.619113,9.860063,10.106463,10.357354,10.6123,10.871786,11.136814,11.408815,11.68866,11.976725,12.272208,12.573346,12.877711,13.183505,13.490041,13.797629,14.106687,14.418033,14.732261,15.04928,15.368759,15.690793,16.015494
Guinea,GIN,,,,,,,,,,3.441076219,3.501248214,3.563851043,3.628574646,3.695137927,3.763625573,3.834025722,3.906343892,3.980566841,4.05676243,4.135031345,4.215442,4.259102,4.293208,4.319502,4.340748,4.359735,4.376768,4.393551,4.416074,4.451872,4.506559,4.584305,4.684992,4.80474,4.93723,5.078689,5.223553,5.375058,5.54827,5.763843,6.034082,6.36711,6.751394,7.155564,7.536389,7.863033,8.124799,8.331366,8.497582,8.647336,8.799165,8.955756,9.114287,9.281572,9.464771,9.669023,9.898301,10.152521,10.427356,10.71577,11.012406,11.316351,11.628767,11.948726,12.275527
Guinea-Bissau,GNB,,,,,,,,,,,0.707995757,0.714181597,0.720783016,0.727808088,0.700650363,0.693183299,0.686674877,0.690321194,0.701656085,0.706924615,0.711828,0.724863,0.738117,0.751512,0.764974,0.778482,0.791959,0.805481,0.819371,0.834068,0.849886,0.866947,0.885166,0.904391,0.924378,0.944941,0.966039,0.987718,1.009967,1.032797,1.056208,1.080191,1.104708,1.129706,1.155111,1.180877,1.207006,1.23352,1.260424,1.287727,1.315455,1.343646,1.372367,1.401716,1.431816,1.462784,1.494603,1.527342,1.561293,1.596832,1.634196,1.673509,1.71462,1.757138,1.800513
Haiti,HTI,,,,,,,,,,,3.833471126,3.910538842,3.989921251,4.073359191,4.158541433,4.245506794,4.334094565,4.424729511,4.517260318,4.611726052,4.708639,4.793157,4.876558,4.960655,5.047948,5.140357,5.238242,5.341418,5.45055,5.566265,5.688832,5.818673,5.955265,6.09669,6.24033,6.384196,6.527545,6.670566,6.813344,6.956301,7.099733,7.243391,7.386974,7.530703,7.674911,7.819806,7.965548,8.111954,8.258484,8.404396,8.549202,8.692564,8.834739,8.976555,9.119182,9.263409,9.409479,9.556958,9.70513,9.852953,9.999617,10.14489,10.288828,10.431249,10.572029
Honduras,HND,1.395484431,1.437154486,1.479329609,1.522969962,1.570486529,1.620458706,1.671936092,1.725912086,1.782789256,1.841264373,1.902608474,1.967976846,2.03765038,2.111514836,2.189669693,2.270642982,2.353005497,2.437863599,2.526014752,2.617858035,2.691309,2.766444,2.84526,2.92819,3.015606,3.107735,3.204883,3.306988,3.413426,3.523283,3.635862,3.750843,3.868296,3.988371,4.111369,4.237436,4.366401,4.497875,4.631491,4.766802,4.903363,5.04105,5.179557,5.318042,5.455481,5.591136,5.724587,5.855946,5.985675,6.114534,6.24308,6.371304,6.499001,6.626304,6.753352,6.880181,7.007029,7.133737,7.25947,7.383098,7.503875,7.621414,7.736131,7.849059,7.96168
Hungary,HUN,,,,,,,,,,,,,,,,,,,,,10.345553,10.381705,10.417419,10.454502,10.495442,10.541344,10.593989,10.650975,10.704187,10.742694,10.759022,10.75027,10.719749,10.673963,10.622559,10.572975,10.526561,10.482364,10.442721,10.409854,10.385061,10.370223,10.364661,10.363797,10.361134,10.351994,10.334876,10.311227,10.282937,10.25311,10.224113,10.195978,10.168101,10.141471,10.117213,10.095964,10.078461,10.064138,10.050699,10.034951,10.014633,9.988846,9.958334,9.924507,9.88954
Iceland,ISL,0.143139691,0.145809449,0.14817078,0.151249108,0.154781085,0.158266998,0.161585677,0.16534298,0.169009137,0.172557141,0.176108144,0.179157433,0.182309879,0.185742713,0.189113471,0.192559318,0.19588601,0.19895634,0.201528955,0.203206328,0.204392,0.20705,0.209868,0.212731,0.215465,0.217958,0.220162,0.222142,0.224019,0.225972,0.228127,0.230525,0.233121,0.23586,0.238647,0.241411,0.244145,0.246867,0.249563,0.252219,0.25483,0.257387,0.259895,0.262383,0.264893,0.267454,0.270089,0.272798,0.275568,0.278376,0.281214,0.284037,0.286865,0.289824,0.293084,0.296745,0.300887,0.305415,0.310033,0.314336,0.318042,0.32103,0.323407,0.325392,0.327318
India,IND,369.9163947,376.2198712,382.8289809,389.7296536,396.8898123,404.3073511,411.9872142,419.942312,428.1715456,436.6708253,445.4370685,454.4702142,463.8655782,473.6604565,484.097671,495.0122884,506.1730238,517.6371032,529.4138354,541.5126208,553.943226,566.605402,579.800632,593.451889,607.446519,621.703641,636.18281,650.907559,665.936435,681.358553,697.229745,713.561406,730.303461,747.374856,764.664278,782.085127,799.607235,817.232241,834.944397,852.73616,870.601776,888.513869,906.461358,924.475633,942.604211,960.874982,979.290432,997.81725,1016.402907,1034.976626,1053.481072,1071.88819,1090.189358,1108.369577,1126.419321,1144.326293,1162.088305,1179.685631,1197.070109,1214.182182,1230.984504,1247.446011,1263.589639,1279.498874,1295.291543
Indonesia,IDN,,,,,,,,,,,94.5326357,96.64360651,98.55338124,100.5067843,102.5042407,104.5461753,106.6330129,108.765157,110.9430251,113.1670134,115.437518,118.540502,121.695611,124.894316,128.12676,131.385752,134.661185,137.952273,141.272154,144.640402,148.067946,151.559397,155.100203,158.658722,162.192254,165.669213,169.076155,172.418086,175.704615,178.953429,182.177052,185.379624,188.554943,191.693719,194.782664,197.814284,200.786111,203.707717,206.598599,208.644079,211.540428,214.448301,217.369087,220.307809,223.268606,226.254703,229.26398,232.29683,235.360765,238.465165,241.613126,244.808254,248.037853,251.268276,254.454778
Iran (Islamic Republic of),IRN,,,,,,18.49558,19.00650583,19.54000101,20.10000111,20.68551094,21.29355807,21.91920228,22.56736493,23.23507926,23.9322012,24.65477445,25.40475924,26.1643983,26.93270207,27.71557959,28.514011,29.28113,30.073845,30.903565,31.784896,32.730555,33.739231,34.814231,35.977589,37.256771,38.668222,40.209077,41.862373,43.610506,45.429019,47.290793,49.205577,51.152122,53.035939,54.735239,56.169196,57.288039,58.130099,58.811858,59.501292,60.318632,61.306632,62.426086,63.616065,64.780362,65.850062,66.812736,67.696677,68.522074,69.321953,70.122115,70.923164,71.720859,72.530693,73.370982,74.253373,75.184322,76.156975,77.152445,78.143644
Iraq,IRQ,,,,,,,,,,,,,,,,,,,,,9.917982,10.255904,10.599846,10.951169,11.312304,11.684585,12.068195,12.460997,12.859226,13.25791,13.653358,14.046273,14.437661,14.824876,15.204746,15.576396,15.937864,16.293719,16.657708,17.048167,17.478455,17.952909,18.468521,19.021967,19.606895,20.217759,20.855408,21.519356,22.200835,22.8886,23.574751,24.258794,24.943793,25.630426,26.32053,27.017712,27.716983,28.423538,29.163327,29.970634,30.868156,31.867758,32.957622,34.107366,35.273293
Ireland,IRL,2.960244906,2.956541443,2.949393198,2.94455259,2.93402054,2.913403771,2.892543328,2.875526407,2.848853281,2.840380193,2.8293496,2.815662413,2.827351378,2.847332641,2.861319716,2.873308331,2.88130098,2.897385842,2.909774149,2.922862036,2.947339,2.984044,3.027538,3.076273,3.128,3.180805,3.234153,3.28762,3.339499,3.387822,3.431078,3.468884,3.501213,3.527472,3.547157,3.560225,3.566327,3.566416,3.563438,3.561331,3.563106,3.57014,3.582342,3.599451,3.620616,3.645333,3.673553,3.706032,3.743948,3.788816,3.841574,3.901688,3.968213,4.040986,4.119773,4.2037,4.293942,4.388612,4.480145,4.558603,4.617334,4.652714,4.667868,4.671263,4.675164
Israel,ISR,1.262294407,1.46238298,1.590872637,1.636200744,1.67992408,1.739189918,1.815770808,1.908364306,1.987245648,2.043012722,2.101805412,2.175960192,2.268074693,2.362057916,2.451898406,2.530400902,2.592173581,2.643663137,2.696074419,2.764840884,2.849623,2.936668,3.033919,3.137029,3.239561,3.33676,3.427662,3.513516,3.59447,3.671264,3.744667,3.81527,3.883547,3.950241,4.016229,4.082781,4.148764,4.215756,4.29086,4.383341,4.499161,4.6416,4.806983,4.985652,5.163901,5.331622,5.486219,5.630066,5.764197,5.891263,6.013711,6.12998,6.240215,6.350762,6.470045,6.603677,6.754836,6.920762,7.093808,7.262964,7.420368,7.563334,7.694507,7.817818,7.939483
Italy,ITA,46.9834837,47.29567599,47.54303732,47.833287,48.17440381,48.50754183,48.79480089,49.05512537,49.34836947,49.7034501,50.06810755,50.39286728,50.71204148,51.06622416,51.46708863,51.8529886,52.19660139,52.53123472,52.84991048,53.17946052,53.52267,53.891946,54.262086,54.623207,54.961926,55.268549,55.539118,55.775934,55.983298,56.168376,56.336446,56.489623,56.626403,56.7444,56.839859,56.910888,56.956635,56.980621,56.990645,56.997093,57.007577,57.029614,57.06276,57.097411,57.119163,57.120136,57.091906,57.044614,57.01094,57.035249,57.147081,57.359179,57.655677,58.002003,58.348332,58.657355,58.918471,59.138599,59.319234,59.467196,59.588007,59.678993,59.737717,59.771094,59.788667
Jamaica,JAM,,,,1.394013115,1.414406379,1.434857548,1.455260348,1.479465307,1.509019186,1.541170376,1.57265555,1.588204951,1.604791345,1.636324773,1.67598366,1.712992271,1.754130477,1.793658389,1.82486599,1.850056933,1.873353,1.900243,1.929556,1.960043,1.98988,2.01783,2.043097,2.066247,2.089015,2.11388,2.142438,2.175634,2.2124,2.24989,2.284118,2.312337,2.333427,2.348572,2.360159,2.371713,2.385806,2.403082,2.422783,2.444388,2.466903,2.48954,2.51234,2.535443,2.558241,2.579973,2.600095,2.618325,2.634779,2.649825,2.664049,2.677888,2.691444,2.704606,2.717344,2.729575,2.741253,2.752358,2.762965,2.773215,2.783301
Japan,JPN,83.29304337,84.64359086,85.93085241,87.11968938,88.21170174,89.26639162,90.21173013,91.00366127,91.82437666,92.72662219,93.51683962,94.36329099,95.24632932,96.22052792,97.2286519,98.27846605,99.18069641,100.209347,101.3378022,102.5415621,103.707537,105.142875,106.616535,108.085729,109.495053,110.804519,111.992858,113.067848,114.054587,114.993274,115.912104,116.821569,117.708919,118.552097,119.318921,119.988663,120.551455,121.02183,121.432942,121.831143,122.249285,122.702527,123.180357,123.658854,124.101546,124.483305,124.794817,125.048424,125.266403,125.48105,125.714674,125.974298,126.249509,126.523884,126.773081,126.978754,127.136576,127.250015,127.3179,127.340884,127.319802,127.2529,127.139821,126.984964,126.794564
Jordan,JOR,,,,,0.725866651,0.756342513,0.788311414,0.821967012,0.857335755,0.894616946,0.934221268,0.976373355,1.027855371,1.072985659,1.119922673,1.168678619,1.219237945,1.381828205,1.522185712,1.600359446,1.654769,1.739903,1.81187,1.873548,1.929939,1.985121,2.039114,2.091716,2.146662,2.208562,2.28067,2.365665,2.462968,2.568582,2.676515,2.782885,2.884065,2.982349,3.086664,3.209466,3.358453,3.538663,3.743944,3.957221,4.154813,4.320158,4.448113,4.545248,4.621329,4.691402,4.767476,4.850227,4.938935,5.042538,5.171633,5.332982,5.530218,5.759424,6.010035,6.266865,6.517912,6.760371,6.994451,7.214832,7.416083
Kazakhstan,KAZ,,,,,,,,,,,,,,,,,,,,,,,,,,,,,,,,,,,,,,,,,16.530027,16.514269,16.433379,16.297681,16.123445,15.925913,15.704673,15.465649,15.238339,15.059994,14.956769,14.942788,15.010919,15.139324,15.294474,15.451752,15.603072,15.755242,15.915966,16.098356,16.310624,16.554305,16.821455,17.099546,17.371621
Kenya,KEN,6.124059703,6.292291036,6.467082915,6.649390415,6.83957181,7.037303652,7.243648358,7.458281524,7.682346666,7.916308443,8.160659182,8.415918401,8.682634722,8.961386343,9.251862219,9.553665436,9.868272975,10.19630024,10.53733697,10.89304906,11.252466,11.657479,12.083165,12.52981,12.997447,13.486241,13.995974,14.527187,15.081598,15.661414,16.267906,16.901181,17.559778,18.241331,18.942599,19.660713,20.393724,21.140344,21.899004,22.668238,23.446229,24.234087,25.029754,25.824736,26.608089,27.373035,28.116027,28.842245,29.564614,30.30124,31.06582,31.86328,32.69198,33.551079,34.43746,35.34904,36.286015,37.25054,38.244442,39.269988,40.328313,41.419954,42.542978,43.692881,44.863583
Kuwait,KWT,,,,,,,,,,,,,,,,,,,,,0.750184,0.8079,0.866747,0.926817,0.988267,1.051187,1.115463,1.180939,1.247597,1.315428,1.384342,1.452383,1.518855,1.586205,1.65792,1.73532,1.823201,1.91795,2.002645,2.054443,2.058832,2.00711,1.909096,1.791511,1.691891,1.637031,1.637906,1.686256,1.766247,1.853152,1.92947,1.990022,2.042215,2.095993,2.166344,2.263604,2.389498,2.538591,2.70529,2.881243,3.059473,3.239181,3.419581,3.593689,3.753121
Kyrgyzstan,KGZ,,,,,,,,,,,,,,,,,,,,,,,,,,,,,,,,,,,,,,,,,4.394502,4.44178,4.477038,4.507565,4.543602,4.592135,4.656894,4.734761,4.817608,4.893658,4.95485,4.998286,5.027919,5.050867,5.077515,5.11547,5.166644,5.228937,5.301038,5.38031,5.464567,5.553827,5.64823,5.745698,5.843617
Lao People's DR,LAO,,,,,,,,,,,,,,,,,,,,,2.686025,2.759634,2.837967,2.916148,2.987544,3.047864,3.09494,3.131492,3.164146,3.20227,3.252701,3.31757,3.395113,3.483492,3.57937,3.680145,3.78523,3.895066,4.009121,4.126935,4.247839,4.371549,4.496971,4.621685,4.742685,4.857774,4.966303,5.068658,5.165072,5.256207,5.342879,5.424701,5.50234,5.579003,5.658894,5.745012,5.838837,5.939634,6.045439,6.153153,6.260544,6.366909,6.47305,6.579985,6.6893
Latvia,LVA,,,,,,,,,,,,,,,,,,,,,,,,,,,,,,,,,,,,,,,,,2.663985,2.645056,2.611306,2.568603,2.525444,2.487988,2.458305,2.434628,2.41465,2.394521,2.371481,2.345145,2.316731,2.286946,2.256935,2.227559,2.199105,2.171378,2.144215,2.117307,2.090519,2.063661,2.03709,2.011857,1.989354
Lebanon,LBN,,,,,,,,,,,,,,,,,,,,,2.297403,2.353569,2.416743,2.480426,2.535503,2.575693,2.598362,2.606224,2.604875,2.602573,2.605294,2.615753,2.632281,2.651295,2.667229,2.676593,2.67729,2.672182,2.668593,2.676615,2.703019,2.752473,2.821868,2.900862,2.974647,3.033406,3.070974,3.092684,3.11396,3.156661,3.23538,3.359875,3.522842,3.701464,3.863271,3.986865,4.057041,4.085426,4.109389,4.181742,4.337156,4.591698,4.924257,5.28699,5.612096
Lesotho,LSO,,,,,,,,,,,0.830475843,0.846659694,0.863936636,0.882182825,0.901354674,0.921312944,0.942133107,0.963797692,0.986059186,1.008935749,1.03224,1.053524,1.075281,1.098033,1.122484,1.14909,1.177975,1.208836,1.241159,1.274216,1.307403,1.340694,1.374044,1.406818,1.438248,1.467856,1.495101,1.520244,1.54458,1.569936,1.597534,1.6279,1.66036,1.693459,1.725118,1.753824,1.779201,1.801695,1.821632,1.839631,1.856225,1.871489,1.885488,1.898778,1.912042,1.925844,1.940345,1.955656,1.972194,1.990413,2.010586,2.03295,2.057331,2.083061,2.109197
Liberia,LBR,,,,,,,,,,,,,,,1.187408873,1.224143094,1.261870131,1.300589986,1.340302657,1.380015329,1.419728,1.457714,1.497356,1.538882,1.582584,1.628656,1.676016,1.724313,1.7752,1.830963,1.892529,1.961795,2.036325,2.107523,2.163835,2.197442,2.206867,2.196204,2.170426,2.137018,2.102877,2.06606,2.028672,2.006349,2.019148,2.079921,2.197801,2.36529,2.558085,2.741755,2.891968,2.99877,3.070673,3.124222,3.184643,3.269786,3.384804,3.522337,3.672782,3.821498,3.95799,4.079574,4.190155,4.293692,4.396554
Lithuania,LTU,,,,,,,,,,,,,,,,,,,,,,,,,,,,,,,,,,,,,,,,,3.697393,3.699352,3.690788,3.673906,3.65212,3.628079,3.602164,3.574014,3.544668,3.515218,3.486373,3.458923,3.432663,3.40603,3.376761,3.343268,3.305529,3.264304,3.219802,3.172436,3.122835,3.070593,3.016496,2.96381,2.916798
Luxembourg,LUX,0.296021875,0.297862578,0.29970328,0.301543983,0.303384686,0.305225389,0.307066091,0.308906794,0.310747497,0.312588199,0.314430902,0.317311147,0.32122189,0.324576808,0.328232188,0.331987701,0.334386229,0.335504863,0.33636112,0.337996541,0.339673,0.342224,0.345108,0.348173,0.35119,0.353984,0.356563,0.358961,0.361078,0.362791,0.364044,0.364779,0.365098,0.365301,0.365795,0.366884,0.368662,0.371079,0.374117,0.377708,0.381787,0.386355,0.3914,0.396807,0.402431,0.408148,0.414,0.419974,0.42583,0.431264,0.436107,0.440198,0.443729,0.447321,0.451826,0.457847,0.465546,0.474705,0.485079,0.496257,0.507889,0.519981,0.532479,0.544885,0.556573
Madagascar,MDG,,,,,,,,,,,5.328309678,5.433666138,5.543710824,5.658247214,5.77740277,5.900129072,6.026486836,6.157277442,6.292020711,6.430721278,6.576301,6.760352,6.952383,7.152391,7.360271,7.575757,7.799642,8.031589,8.268902,8.507958,8.746516,8.983494,9.220693,9.462343,9.714342,9.981113,10.264368,10.563491,10.877757,11.205548,11.545782,11.898267,12.263899,12.643864,13.039754,13.452526,13.882646,14.329239,14.790245,15.262817,15.744811,16.235767,16.736029,17.245275,17.763367,18.290394,18.826129,19.371031,19.926798,20.495706,21.079532,21.678867,22.29372,22.924557,23.571713
Malawi,MWI,,,,,3.092970654,3.153696669,3.218805788,3.289604028,3.364622241,3.441578544,3.523674682,3.607018892,3.705619961,3.805481277,3.897190196,3.997165947,4.108382133,4.239686284,4.363390005,4.486213794,4.603739,4.728693,4.859569,4.996861,5.141138,5.292816,5.454839,5.627788,5.80717,5.986639,6.163225,6.327344,6.483571,6.659453,6.892527,7.205635,7.617137,8.108484,8.620942,9.073088,9.408998,9.604199,9.682918,9.697635,9.725612,9.822812,10.006767,10.260421,10.563554,10.882543,11.19323,11.491824,11.788731,12.090476,12.407618,12.747846,13.112383,13.498377,13.904671,14.329056,14.769824,15.226813,15.700436,16.190126,16.695253
Malaysia,MYS,,,,,,7.31065946,7.518572265,7.738112487,7.96477467,8.194522495,8.427270144,8.662144179,8.90509371,9.147124032,9.396100865,9.64625436,9.898367372,10.15340488,10.40782926,10.66075659,10.908634,11.182078,11.46008,11.741849,12.02593,12.311782,12.599655,12.891715,13.191699,13.504433,13.833739,14.180093,14.543585,14.926976,15.333369,15.76434,16.221767,16.7035,17.202032,17.707064,18.211097,18.709835,19.2047,19.700762,20.205992,20.725374,21.260881,21.808125,22.358128,22.898579,23.420751,23.920963,24.401977,24.869423,25.332026,25.796124,26.263048,26.730607,27.197419,27.661017,28.1195,28.57297,29.02194,29.465372,29.901997
Maldives,MDV,,,,,,,,,,,,,,,,,,,,,0.115703,0.119315,0.123372,0.127717,0.132122,0.136434,0.140582,0.144645,0.148797,0.153285,0.158282,0.163834,0.169861,0.176258,0.182864,0.189551,0.196283,0.203059,0.209832,0.216553,0.223179,0.229686,0.236053,0.242252,0.248263,0.25407,0.259668,0.265067,0.270292,0.275385,0.280384,0.285298,0.290147,0.294996,0.299917,0.304968,0.310168,0.315515,0.321026,0.326713,0.332575,0.338618,0.344817,0.351111,0.357415
Mali,MLI,,,,,,,,,,,4.821326643,4.918309169,5.01847057,5.121926441,5.228796981,5.339204946,5.453282299,5.571159979,5.692980692,5.818889698,5.949043,6.044532,6.147459,6.256192,6.368351,6.482276,6.596817,6.712545,6.83153,6.956779,7.090125,7.233877,7.386669,7.542377,7.692537,7.831891,7.95739,8.073178,8.189984,8.322726,8.482075,8.672581,8.891141,9.131449,9.383608,9.640643,9.901045,10.168,10.444822,10.736542,11.046926,11.376094,11.723017,12.088867,12.474857,12.881384,13.309942,13.759226,14.223403,14.694565,15.167286,15.639115,16.112333,16.592097,17.086022
Malta,MLT,,,,,0.315465333,0.315465333,0.315465333,0.315465333,0.314460667,0.314460667,0.313456,0.312451333,0.310442,0.309437333,0.307428,0.306423333,0.305418667,0.305418667,0.304414,0.304414,0.304414,0.304546,0.30485,0.305398,0.306291,0.307597,0.309328,0.311455,0.313953,0.316781,0.319898,0.323298,0.326953,0.330761,0.334592,0.338348,0.341978,0.34549,0.348912,0.352304,0.355707,0.359113,0.362492,0.365838,0.369142,0.372391,0.37561,0.378789,0.381844,0.384663,0.38718,0.389323,0.391148,0.39287,0.394786,0.397094,0.399892,0.403076,0.406392,0.409475,0.412064,0.414075,0.415596,0.416747,0.417723
Mauritania,MRT,,,,,,,,,,,0.995612122,1.008483066,1.021791418,1.035550669,1.049876596,1.064787895,1.080304215,1.096446057,1.113233921,1.130713269,1.148908,1.182945,1.217912,1.253839,1.290755,1.328687,1.36764,1.407621,1.448664,1.490811,1.534085,1.578585,1.62431,1.67108,1.718641,1.766855,1.815692,1.865356,1.91624,1.96887,2.023665,2.080782,2.14025,2.202201,2.266745,2.333966,2.403779,2.476188,2.551429,2.629806,2.711421,2.796502,2.884672,2.974686,3.064882,3.154087,3.241762,3.328285,3.414552,3.501927,3.5914,3.683221,3.777067,3.872684,3.969625
Mauritius,MUS,0.479492306,0.496751336,0.514648008,0.534076947,0.551930773,0.569557394,0.589578159,0.607563521,0.625341572,0.642929415,0.660779202,0.678767534,0.698426647,0.712498453,0.733462719,0.752737259,0.771300492,0.786393533,0.801206576,0.813012805,0.826447,0.8396,0.852397,0.865173,0.878355,0.892208,0.906926,0.922325,0.93782,0.952587,0.966036,0.978067,0.98889,0.998625,1.007503,1.015763,1.023278,1.030175,1.03726,1.045588,1.055865,1.068435,1.082958,1.098598,1.11414,1.128676,1.141949,1.154137,1.165288,1.175577,1.185143,1.19395,1.201931,1.209182,1.215835,1.222006,1.227714,1.232997,1.238013,1.242954,1.247951,1.253089,1.258335,1.26356,1.268567
Mexico,MEX,28.08290779,28.88250819,29.71861492,30.5930501,31.50778065,32.46487126,33.46649568,34.52105372,35.63155404,36.80130617,38.03369485,39.27365782,40.54076268,41.83500189,43.15638298,44.50489091,45.88061593,47.31775899,48.81949047,50.38913117,52.029859,53.719547,55.480125,57.283361,59.090495,60.872399,62.620087,64.337694,66.025613,67.688533,69.330974,70.950741,72.547995,74.133377,75.72121,77.322643,78.939441,80.571067,82.223153,83.901643,85.609404,87.347208,89.110043,90.887097,92.663664,94.426946,96.18171,97.925825,99.632299,101.26657,102.80859,104.239563,105.578297,106.888418,108.257822,109.747906,111.382857,113.139374,114.972821,116.815612,118.617542,120.365271,122.070963,123.740109,125.385833
Mongolia,MNG,,,,,,,,,,,,,,,,,,,,,1.278825,1.317049,1.356669,1.397305,1.438423,1.47965,1.520865,1.562212,1.603908,1.646291,1.689622,1.733479,1.777727,1.823215,1.871087,1.921885,1.976311,2.033345,2.089716,2.141006,2.184145,2.21792,2.243506,2.263204,2.280495,2.298038,2.316571,2.335694,2.355588,2.376165,2.397438,2.419729,2.443503,2.469045,2.496621,2.526447,2.558484,2.592776,2.629666,2.669572,2.712657,2.759074,2.808339,2.859174,2.909871
Montenegro,MNE,,,,,,,,,,,,,,,,,,,,,,,,,,,,,,,,,,,,,,,,,0.614999,0.615743,0.617174,0.618851,0.620088,0.620415,0.619696,0.618192,0.616308,0.614623,0.613557,0.613239,0.613543,0.614322,0.615332,0.616389,0.617462,0.618592,0.61974,0.62087,0.621952,0.622957,0.623864,0.624648,0.625292
Montserrat,MSR,,,,,,,,,,,,,,,,,,,,,0.011629,0.011633,0.011655,0.011689,0.011733,0.01178,0.011832,0.011885,0.011928,0.011943,0.011919,0.01185,0.011743,0.011607,0.011464,0.011325,0.011183,0.011031,0.010891,0.010788,0.010734,0.010763,0.010856,0.010892,0.010717,0.010232,0.009375,0.008217,0.006936,0.005788,0.004956,0.004505,0.004377,0.004474,0.004645,0.004777,0.004847,0.004888,0.004905,0.004922,0.004953,0.004993,0.00503,0.005063,0.005094
Morocco,MAR,9.419922536,9.712537518,10.02063628,10.2893689,10.57240266,10.86999815,11.17934396,11.49978821,11.83099534,12.17328552,12.52520404,12.84067548,13.16356094,13.4950094,13.83489395,14.18138006,14.53271688,14.8912908,15.26126699,15.64426748,16.0396,16.389949,16.740525,17.097003,17.466606,17.854614,18.262366,18.688782,19.133462,19.595092,20.071902,20.564359,21.070647,21.583746,22.094516,22.596133,23.084731,23.560825,24.02733,24.489354,24.950128,25.410178,25.866445,26.314339,26.74766,27.161889,27.556892,27.934014,28.292299,28.630973,28.950553,29.250983,29.535591,29.812685,30.093109,30.385479,30.691434,31.011322,31.350544,31.714958,32.107739,32.531964,32.98419,33.452686,33.921203
Mozambique,MOZ,,,,,,,,,,,7.438261997,7.592967707,7.75353606,7.920838075,8.090296513,8.263708473,8.447802396,8.64144667,8.843241968,9.051462393,9.262078,9.468836,9.679753,9.901052,10.141147,10.405,10.693688,11.001909,11.320103,11.635174,11.936379,12.228508,12.511864,12.766859,12.968335,13.102982,13.155271,13.142516,13.124285,13.181941,13.371971,13.719853,14.203987,14.775877,15.363065,15.913101,16.410777,16.872896,17.317376,17.774066,18.264536,18.792357,19.348715,19.928496,20.523159,21.126676,21.73786,22.359637,22.994867,23.647815,24.321457,25.016921,25.732928,26.46718,27.216276
Myanmar,MMR,,,,,,,,,,,,,22.64094308,23.13790175,23.65132282,24.18429299,24.73578335,25.30682282,25.89946918,26.51886694,27.166045,27.836648,28.517289,29.209686,29.916827,30.640635,31.379308,32.130696,32.895739,33.675835,34.470694,35.279907,36.098908,36.91798,37.724581,38.508821,39.269143,40.005369,40.711172,41.379635,42.007309,42.588029,43.12626,43.642311,44.164109,44.710931,45.290888,45.895991,46.509586,47.106923,47.669791,48.195684,48.689952,49.151958,49.582751,49.984704,50.355559,50.698814,51.030006,51.369725,51.733013,52.125411,52.543841,52.983829,53.437159
Namibia,NAM,,,,,,,,,,,0.602861861,0.618271946,0.63415248,0.650517758,0.667379032,0.684759783,0.702678381,0.721151067,0.74019834,0.759908949,0.780386,0.804309,0.829806,0.855965,0.88153,0.905647,0.928228,0.949734,0.970569,0.991365,1.012761,1.034446,1.056758,1.08174,1.112044,1.149389,1.194769,1.247186,1.303879,1.360921,1.415447,1.466152,1.513689,1.55948,1.605828,1.654214,1.705349,1.758097,1.80992,1.85732,1.897953,1.931005,1.957749,1.980531,2.002745,2.027026,2.053915,2.083174,2.115703,2.152357,2.193643,2.240161,2.291645,2.346592,2.402858
Nepal,NPL,,,,,,,,,,,10.09222367,10.23450906,10.39126115,10.56049835,10.73833999,10.92463739,11.12083695,11.32622122,11.53886042,11.75901927,11.986974,12.232454,12.487785,12.753028,13.028248,13.313487,13.60867,13.913775,14.228941,14.554356,14.89008,15.237302,15.596012,15.963746,16.337117,16.714335,17.091959,17.472138,17.865238,18.285434,18.741688,19.237322,19.76557,20.312687,20.859421,21.390905,21.902534,22.395247,22.866496,23.315053,23.740145,24.140941,24.516969,24.8689,25.19813,25.506847,25.794344,26.063619,26.325183,26.592666,26.87591,27.179237,27.500515,27.834981,28.174724
Netherlands,NLD,10.06117975,10.21118283,10.32825047,10.43887144,10.56043515,10.69519581,10.83298768,10.96931091,11.12897215,11.28890378,11.4265486,11.57847098,11.74458269,11.90403046,12.06435012,12.22837651,12.39033369,12.53162072,12.65881709,12.80636958,12.96488,13.104216,13.239283,13.369326,13.49346,13.611064,13.722272,13.827329,13.92597,14.017909,14.103279,14.181967,14.255051,14.325363,14.396606,14.471591,14.551065,14.634787,14.723266,14.816751,14.915139,15.019184,15.128288,15.239262,15.347792,15.450803,15.546647,15.636131,15.721627,15.806771,15.894016,15.984365,16.076427,16.167421,16.253397,16.331646,16.401105,16.463031,16.519862,16.575173,16.631571,16.689863,16.749318,16.809157,16.86802
New Zealand,NZL,1.902573149,1.941534618,1.98879711,2.041235916,2.08648745,2.129746093,2.171740399,2.222704859,2.274674085,2.324113926,2.36461594,2.42513744,2.48106868,2.533709889,2.584157823,2.632462162,2.679470551,2.71994832,2.750705748,2.78011707,2.819548,2.87181,2.930469,2.989985,3.042573,3.082883,3.108745,3.122551,3.129098,3.135453,3.146771,3.164965,3.188664,3.215826,3.243078,3.268192,3.290132,3.310408,3.332297,3.36035,3.397534,3.445596,3.502765,3.564227,3.623181,3.674886,3.717239,3.752102,3.783516,3.817489,3.858234,3.906911,3.961695,4.020195,4.078779,4.134699,4.187584,4.238021,4.28538,4.329124,4.369027,4.404483,4.435883,4.465276,4.495482
Nicaragua,NIC,1.282752885,1.321765341,1.362053588,1.403791863,1.447156493,1.49232255,1.539172345,1.587589997,1.637749745,1.6898268,1.74399735,1.80021975,1.858377982,1.918531795,1.98074303,2.045073665,2.111356567,2.179549812,2.24990452,2.322670695,2.398095,2.472656,2.549779,2.629503,2.711847,2.796748,2.884156,2.973805,3.065118,3.157356,3.24991,3.342666,3.435527,3.527935,3.619252,3.709091,3.796914,3.88294,3.968453,4.055262,4.144564,4.236805,4.331273,4.426577,4.520727,4.612229,4.700777,4.786641,4.869627,4.949661,5.026792,5.10075,5.171736,5.240876,5.309703,5.379327,5.450217,5.522119,5.594524,5.666595,5.737722,5.807787,5.877034,5.945646,6.013913
Niger,NER,,,,,,,,,,,3.635292099,3.709471259,3.78705735,3.867814013,3.950686606,4.035739369,4.123034769,4.212639705,4.304622404,4.399494127,4.497355,4.623121,4.753054,4.887484,5.026744,5.171029,5.320869,5.476206,5.635954,5.798584,5.963159,6.129762,6.299343,6.472971,6.65211,6.83817,7.031675,7.233482,7.445788,7.671233,7.911884,8.168834,8.44233,8.7325,9.039088,9.361912,9.70173,10.05896,10.432657,10.821434,11.224523,11.642308,12.075991,12.526725,12.996012,13.485436,13.99553,14.527631,15.08513,15.672194,16.29199,16.946485,17.635782,18.358863,19.113728
Nigeria,NGA,32.10938997,32.81136926,33.53406173,34.27815307,35.27663482,36.30660045,37.3688358,38.46409207,39.59307419,40.75657185,41.95574073,43.19183662,44.46589962,45.7786809,47.13406346,48.53633479,49.97746307,51.44925473,52.96040797,54.52057254,56.131844,57.453734,58.829319,60.285453,61.857023,63.565598,65.426976,67.425435,69.512233,71.619216,73.698096,75.729572,77.729802,79.729311,81.775215,83.90157,86.118043,88.412917,90.773613,93.179755,95.617345,98.085436,100.592458,103.145093,105.753088,108.424822,111.164651,113.975055,116.860691,119.826231,122.876723,126.014935,129.246283,132.581484,136.033321,139.611303,143.318011,147.152502,151.115683,155.207145,159.424742,163.770669,168.240403,172.816517,177.475986
Norway,NOR,3.26372214,3.29445395,3.326297267,3.359442981,3.392786736,3.425935309,3.458504299,3.490436745,3.521478367,3.551323403,3.579699221,3.608248057,3.637354551,3.664963468,3.692750645,3.721552334,3.752014133,3.784391277,3.817341095,3.849321206,3.875719,3.90475,3.932945,3.959705,3.984291,4.006221,4.025297,4.041789,4.05628,4.069626,4.082525,4.095177,4.107655,4.120386,4.133833,4.148355,4.164166,4.181326,4.199817,4.219532,4.240375,4.262367,4.285504,4.309606,4.334434,4.359788,4.385951,4.412958,4.440109,4.466468,4.491572,4.514907,4.53724,4.560947,4.589241,4.624388,4.667105,4.716584,4.771633,4.830371,4.891251,4.953945,5.018367,5.08345,5.14797
Oman,OMN,,,,,,,,,,,,,,,,,,,,,0.72385,0.748971,0.776379,0.806989,0.841947,0.882044,0.927439,0.977806,1.032799,1.091855,1.154375,1.220548,1.290007,1.360921,1.430926,1.498416,1.561493,1.620573,1.679089,1.741965,1.812159,1.892345,1.979914,2.066264,2.139539,2.191864,2.219768,2.227596,2.224922,2.225481,2.239403,2.272547,2.323203,2.385075,2.448194,2.506891,2.553376,2.59375,2.652281,2.762073,2.943747,3.210003,3.545192,3.906912,4.236057
Pakistan,PAK,34.87834035,35.70411897,36.55675843,37.43724359,38.34761497,39.28692483,40.26061346,41.27229312,42.32354226,43.41563243,44.54981493,45.72722975,46.94920916,48.20806994,49.50239553,50.83442546,52.20598103,53.61682277,55.06736554,56.55936655,58.094239,59.690467,61.341255,63.062204,64.873705,66.791496,68.818471,70.953777,73.204087,75.575981,78.071984,80.691701,83.427522,86.264621,89.183159,92.165065,95.207133,98.301647,101.420791,104.530689,107.607639,110.634399,113.616165,116.579605,119.564925,122.599749,125.697651,128.845692,132.01368,135.158132,138.250487,141.282077,144.271586,147.25153,150.267989,153.356383,156.524189,159.767672,163.096985,166.520983,170.043918,173.669648,177.392252,181.192646,185.044286
Panama,PAN,0.885655363,0.908536475,0.932868355,0.954806777,0.977509264,1.002902012,1.028598363,1.055347538,1.076915756,1.106591426,1.138806294,1.172113851,1.206398759,1.241679119,1.278112379,1.315802995,1.354696433,1.394704089,1.435659523,1.47737299,1.519293,1.563113,1.607835,1.653257,1.699114,1.745207,1.791459,1.837887,1.884512,1.931393,1.978575,2.026057,2.073826,2.121921,2.17039,2.219276,2.268619,2.318444,2.368772,2.419618,2.47101,2.522901,2.57533,2.628511,2.68272,2.738125,2.794845,2.852739,2.911383,2.970193,3.028751,3.086887,3.144728,3.202511,3.260611,3.319301,3.3786,3.438398,3.498679,3.559401,3.620506,3.681979,3.743761,3.805683,3.867535
Paraguay,PRY,,1.513657535,1.554190634,1.59568864,1.638169534,1.68165344,1.724831548,1.768983731,1.814128686,1.860283679,1.907469549,1.956911868,2.007635967,2.059673519,2.113061679,2.167832121,2.225892272,2.285506657,2.346717192,2.409567938,2.474102,2.535355,2.596741,2.659084,2.723523,2.790964,2.861582,2.935375,3.012833,3.094479,3.180628,3.271454,3.366726,3.465796,3.56775,3.671826,3.777764,3.885433,3.994328,4.103909,4.21374,4.323402,4.432738,4.541902,4.651222,4.760853,4.870695,4.980346,5.089306,5.196935,5.302703,5.406625,5.508615,5.607948,5.703742,5.795493,5.882797,5.96616,6.047131,6.127847,6.209877,6.293763,6.379162,6.465669,6.552518
Peru,PER,7.718280428,7.914157221,8.115898968,8.324618576,8.541933814,8.768957591,9.004980115,9.248891369,9.502307676,9.766341944,10.04261242,10.33233232,10.63469347,10.9474691,11.26874007,11.59617928,11.92897763,12.26855179,12.61621528,12.97328353,13.341071,13.704333,14.072476,14.447649,14.832839,15.229951,15.639898,16.061327,16.491087,16.924758,17.359118,17.792551,18.225727,18.660443,19.099575,19.54495,19.99625,20.451712,20.909897,21.368856,21.826658,22.28313,22.737056,23.184222,23.619358,24.038761,24.441076,24.827409,25.199744,25.561297,25.914875,26.261363,26.601463,26.937737,27.273188,27.610406,27.949958,28.292768,28.642048,29.001563,29.373644,29.759891,30.158768,30.565461,30.973148
Philippines,PHL,19.59913981,20.19635725,20.8117712,21.44593892,22.09943004,22.77283365,23.46675832,24.18182674,24.91868464,25.67799716,26.46044539,27.27805008,28.12652834,29.00573157,29.91574468,30.8555027,31.81704134,32.79306855,33.78348172,34.78729019,35.804731,36.851055,37.9254,39.026082,40.149959,41.295129,42.461189,43.650333,44.866279,46.113992,47.396966,48.715592,50.068493,51.455037,52.873979,54.323651,55.803915,57.312794,58.844392,60.391168,61.94734,63.50994,65.078901,66.654954,68.240134,69.835713,71.437381,73.042605,74.656228,76.285225,77.932247,79.604541,81.294378,82.971734,84.596249,86.141373,87.592899,88.965508,90.297115,91.641881,93.038902,94.501233,96.017322,97.571676,99.13869
Poland,POL,,,,,,,,,,,,,,,,,,,,,32.816751,33.068997,33.328713,33.59781,33.877397,34.168112,34.468877,34.779313,35.100942,35.435627,35.782855,36.145211,36.517072,36.879742,37.208529,37.486105,37.703942,37.867481,37.990683,38.094812,38.195258,38.297549,38.396826,38.485892,38.553355,38.59186,38.599825,38.583109,38.550777,38.515359,38.486305,38.466543,38.454823,38.451227,38.45452,38.463514,38.478763,38.500356,38.525752,38.551489,38.574682,38.594217,38.609486,38.618698,38.619974
Portugal,PRT,8.093763363,8.13929959,8.173619755,8.2243334,8.275286579,8.333285911,8.394064573,8.453166495,8.521135762,8.591118215,8.66316231,8.65788981,8.646960823,8.706206282,8.745415874,8.751502975,8.732281708,8.726721218,8.738273726,8.721161642,8.670352,8.717871,8.806016,8.923928,9.054924,9.185876,9.314301,9.441167,9.560753,9.667021,9.755635,9.824239,9.873144,9.904444,9.921895,9.929014,9.92541,9.912208,9.896416,9.886997,9.890319,9.909574,9.943197,9.986828,10.0336,10.078431,10.119985,10.159662,10.19831,10.237593,10.278542,10.320463,10.362028,10.402836,10.442446,10.480085,10.516559,10.550695,10.577458,10.59026,10.584837,10.558909,10.515016,10.459716,10.402343
Qatar,QAT,,,,,,,,,,,,,,,,,,,,,0.109329,0.119246,0.130377,0.142111,0.153593,0.164333,0.173759,0.18237,0.192018,0.205244,0.223715,0.248053,0.277242,0.309276,0.341286,0.371071,0.398326,0.423327,0.445203,0.463062,0.476478,0.485114,0.489668,0.49212,0.495179,0.501019,0.511864,0.528213,0.548618,0.570643,0.593453,0.61372,0.634388,0.668165,0.732096,0.836924,0.988448,1.178955,1.388962,1.591151,1.765513,1.905437,2.015624,2.101288,2.172065
Republic of Korea,KOR,,,,20.53536739,20.7287933,21.0144854,21.48192577,22.04778081,22.67384292,23.38339115,24.16620033,24.97521586,25.76157354,26.53285944,27.28627832,27.98930239,28.70207735,29.37974872,30.06912005,30.75751871,31.437141,32.087884,32.759447,33.435268,34.091816,34.713078,35.290737,35.832213,36.356187,36.889651,37.451085,38.046253,38.665964,39.295418,39.9129,40.501917,41.059473,41.588374,42.08505,42.546704,42.972254,43.358716,43.70817,44.031222,44.34253,44.652994,44.967346,45.283939,45.599569,45.908307,46.206271,46.492324,46.769579,47.043251,47.320454,47.605863,47.901643,48.205062,48.509842,48.807036,49.090041,49.356692,49.608451,49.846756,50.074401
Republic of Moldova,MDA,,,,,,,,,,,,,,,,,,,,,,,,,,,,,,,,,,,,,,,,,4.364114,4.373582,4.375312,4.369649,4.357283,4.339082,4.314693,4.284931,4.25328,4.22427,4.201088,4.185513,4.176647,4.171686,4.166371,4.157707,4.144651,4.128459,4.111168,4.095813,4.084483,4.077811,4.074754,4.073714,4.07234
Romania,ROU,,,,,,,,,,,18.67281996,18.8387326,18.95418695,19.08853534,19.20415225,19.30590682,19.42098379,19.56712378,20.00967749,20.30310509,20.549016,20.783864,21.011826,21.233593,21.451256,21.66578,21.877548,22.083933,22.279485,22.457125,22.612149,22.739965,22.842426,22.928996,23.01319,23.103637,23.205267,23.312045,23.408397,23.472562,23.489361,23.454143,23.373155,23.255683,23.115921,22.965125,22.804526,22.633398,22.458737,22.288573,22.128139,21.983221,21.851988,21.722664,21.578318,21.407619,21.205977,20.979708,20.741669,20.510263,20.298838,20.111664,19.944954,19.794163,19.651554
Russian Federation,RUS,,,,,,,,,,,,,,,,,,,,,,,,,,,,,,,,,,,,,,,,,147.568552,148.040354,148.322473,148.435811,148.416292,148.293265,148.078355,147.772805,147.38544,146.924174,146.400951,145.818121,145.195521,144.583147,144.043914,143.622566,143.338407,143.180249,143.123163,143.12666,143.158099,143.211476,143.287536,143.367341,143.429435
Rwanda,RWA,,,,,,,,,,,3.020040189,3.034089353,3.039402795,3.116862955,3.171638687,3.251972756,3.345171608,3.437688142,3.534165354,3.642607012,3.754546,3.868345,3.983707,4.102336,4.226836,4.359166,4.49972,4.64807,4.804375,4.968628,5.140786,5.313908,5.486431,5.669251,5.877556,6.117966,6.410594,6.74239,7.048075,7.239097,7.25974,7.071393,6.712924,6.300358,5.995987,5.912755,6.097688,6.506118,7.047196,7.585143,8.021875,8.329113,8.539029,8.686469,8.828956,9.00823,9.231041,9.481083,9.750314,10.024594,10.293669,10.556429,10.81735,11.078095,11.341544
Saint Kitts and Nevis,KNA,,,,,,,,,,,,,,,,,,,,,0.044882,0.04449,0.044328,0.044314,0.044327,0.044278,0.044142,0.043946,0.043704,0.04345,0.043205,0.042978,0.042761,0.042539,0.042294,0.042017,0.041697,0.041353,0.041045,0.040854,0.040833,0.041009,0.04136,0.041836,0.042363,0.042888,0.043391,0.043885,0.044391,0.044938,0.045544,0.046216,0.046935,0.047681,0.048424,0.049139,0.049818,0.050465,0.051093,0.051717,0.052352,0.052998,0.05365,0.054301,0.054944
Saint Lucia,LCA,,,,,,,,,,,,,,,,,,,,,0.104162,0.105389,0.106458,0.107461,0.108534,0.10977,0.111211,0.112826,0.114551,0.116292,0.117984,0.119593,0.12115,0.122738,0.124468,0.126416,0.12862,0.131032,0.133532,0.135954,0.13818,0.140159,0.141934,0.143592,0.145262,0.14704,0.148962,0.150994,0.153066,0.155073,0.156949,0.15865,0.160218,0.161767,0.163462,0.165407,0.167656,0.170146,0.172729,0.175196,0.177397,0.179278,0.18089,0.182305,0.183645
Sao Tome and Principe,STP,,,,,,,,,,,,,,,,,,,,,0.074251,0.075989,0.077536,0.079026,0.08067,0.082607,0.084889,0.087436,0.090095,0.092652,0.094953,0.096947,0.098692,0.100285,0.101871,0.103557,0.105364,0.107264,0.109268,0.111373,0.113575,0.1159,0.118346,0.120849,0.123318,0.125694,0.127946,0.13011,0.132284,0.134602,0.137164,0.140003,0.143085,0.146357,0.149732,0.153146,0.156584,0.160064,0.163595,0.167196,0.17088,0.174646,0.178484,0.182386,0.186342
Saudi Arabia,SAU,,,,,,,,,,,,,,,,,,,,,5.836394,6.096106,6.382106,6.697486,7.045477,7.428705,7.8453,8.295384,8.785326,9.32329,9.912917,10.556936,11.247085,11.962244,12.674089,13.361284,14.016569,14.642354,15.239174,15.81098,16.361453,16.890555,17.398523,17.890529,18.373412,18.85367,19.331311,19.809633,20.302193,20.825955,21.392273,22.007937,22.668102,23.357887,24.055573,24.74523,25.419994,26.083522,26.742842,27.409491,28.090647,28.788438,29.496047,30.201051,30.886545
Senegal,SEN,,,,,,,,,,,3.193977248,3.270578519,3.350691528,3.43448419,3.551811522,3.657139929,3.767090491,3.873868401,3.979348885,4.095489879,4.217754,4.348499,4.485342,4.625377,4.764623,4.900491,5.031849,5.160313,5.289445,5.424299,5.568651,5.723541,5.888261,6.062682,6.24614,6.438024,6.638186,6.846556,7.06254,7.285378,7.514201,7.749559,7.990736,8.234147,8.475136,8.710746,8.939438,9.163184,9.386923,9.617641,9.860578,10.118078,10.389457,10.67332,10.967016,11.268994,11.57843,11.89723,12.229703,12.581624,12.956791,13.357003,13.780108,14.221041,14.672557
Serbia,SRB,,,,,,,,,,,,,,,,,,,,,,,,,,,,,,,,,,,,,,,,,7.897937,7.595636,7.604063,7.614328,7.622711,7.628264,7.622185,7.598538,7.567745,7.540401,7.516346,7.503433,7.500031,7.480591,7.463157,7.440769,7.411569,7.381579,7.350222,7.320807,7.291436,7.234099,7.199077,7.163033,7.127137
Seychelles,SYC,,,,,,,,,,,0.040320647,0.041616536,0.042468203,0.043796998,0.045249673,0.04624651,0.047224962,0.048281802,0.049479943,0.050817449,0.052364,0.053706,0.055128,0.056605,0.058102,0.059589,0.061058,0.0625,0.06388,0.065153,0.066292,0.067298,0.068176,0.068906,0.069463,0.069841,0.070011,0.07001,0.06999,0.07015,0.070627,0.071496,0.072706,0.074111,0.075493,0.076703,0.077678,0.078474,0.079213,0.080066,0.081154,0.082519,0.084096,0.085765,0.087356,0.088747,0.089896,0.090841,0.091634,0.09236,0.093081,0.09381,0.094524,0.095215,0.095868
Sierra Leone,SLE,,,,,,,,,,,,2.19176035,2.224446126,2.257997088,2.292268392,2.327276158,2.363039079,2.399574565,2.436902384,2.475087223,2.514151,2.558395,2.605837,2.65638,2.709797,2.765914,2.824827,2.886607,2.951001,3.01767,3.086406,3.155368,3.224346,3.29653,3.376371,3.466044,3.569102,3.681945,3.791078,3.878211,3.931208,3.945899,3.929182,3.893891,3.858559,3.837807,3.833053,3.843472,3.878475,3.9488,4.060709,4.220198,4.422154,4.647701,4.870467,5.071271,5.243214,5.391108,5.521838,5.647194,5.775902,5.908908,6.043157,6.178859,6.315627
Singapore,SGP,,,,,,,,,,,1.646053952,1.702042177,1.749832195,1.794622703,1.841212893,1.886503379,1.933993411,1.977184347,2.011577223,2.042070748,2.074071,2.112873,2.152603,2.191924,2.228896,2.262393,2.291621,2.317796,2.344224,2.375417,2.414524,2.463245,2.520494,2.583241,2.646981,2.708634,2.766755,2.822828,2.880188,2.943633,3.0164,3.100091,3.193042,3.29128,3.389119,3.482635,3.57008,3.653151,3.735531,3.822619,3.918183,4.023237,4.136102,4.254553,4.37523,4.495531,4.614637,4.732785,4.849641,4.965105,5.078961,5.190666,5.299524,5.405009,5.506586
Sint Maarten (Dutch part),SXM,,,,,,,,,,,,,,,,,,,,,,,,,,,,,,,,,,,,,,,,,,,,,,,,,,,,,,,,0.032528,0.032512,0.032443,0.032432,0.032627,0.033125,0.033979,0.035134,0.036442,0.037696
Slovakia,SVK,,,,,,,,,,,,,,,,,,,,,,,,,,,,,,,,,,,,,,,,,5.277709,5.29808,5.31748,5.335292,5.350643,5.36295,5.372115,5.37849,5.382521,5.384857,5.386065,5.386224,5.38548,5.384533,5.384237,5.385192,5.387734,5.391728,5.39671,5.401951,5.406896,5.411377,5.415496,5.419288,5.422861
Slovenia,SVN,,,,,,,,,,,,,,,,,,,,,,,,,,,,,,,,,,,,,,,,,2.00652,2.007918,2.005535,2.000783,1.995615,1.991487,1.989042,1.988077,1.988166,1.988527,1.988652,1.988287,1.987855,1.988304,1.990924,1.996522,2.005566,2.017452,2.030599,2.042804,2.05248,2.059023,2.062881,2.064819,2.066068
South Africa,ZAF,13.45389104,13.78091458,14.11599935,14.47095031,14.83503174,15.20809358,15.59073793,15.98291572,16.38516768,16.79775335,17.2348115,17.68341697,18.16500159,18.65983223,19.16827315,19.69049235,20.22707493,20.7780945,21.34426828,21.92601717,22.502502,23.106806,23.736489,24.384538,25.04094,25.698856,26.35414,27.009755,27.674446,28.36082,29.077143,29.828874,30.611206,31.409913,32.204952,32.983013,33.733547,34.463077,35.195598,35.965131,36.79349,37.692367,38.646788,39.619539,40.558495,41.42681,42.210216,42.921506,43.58403,44.23373,44.896856,45.579161,46.272223,46.97125,47.66715,48.352951,49.027805,49.69358,50.348811,50.992034,51.621594,52.237272,52.837274,53.416609,53.969054
Spain,ESP,28.10169895,28.33706978,28.58927708,28.84388715,29.10052561,29.35921349,29.61996987,29.88280432,30.14774356,30.41480098,30.68348187,30.94655125,31.20106772,31.47321714,31.78467398,32.12879724,32.49677042,32.89561655,33.28518017,33.61241727,33.92324,34.305591,34.701025,35.104633,35.509391,35.909042,36.302392,36.687352,37.05564,37.397232,37.704867,37.976189,38.212556,38.415495,38.588238,38.73433,38.85436,38.950965,39.032625,39.110106,39.192055,39.287043,39.397403,39.518427,39.64174,39.764267,39.878881,39.996221,40.151723,40.392585,40.7498,41.230518,41.815486,42.475265,43.167276,43.854761,44.537926,45.209538,45.817016,46.295191,46.601492,46.708366,46.637082,46.455163,46.259716
Sri Lanka,LKA,7.454757141,7.674414149,7.904809692,8.144261525,8.38088775,8.60336895,8.824278795,9.055566188,9.290130305,9.539342469,9.81039505,10.08461393,10.35655365,10.62359432,10.88126821,11.14357122,11.41354037,11.68399744,11.95960176,12.22795991,12.487493,12.749209,13.003394,13.253063,13.50287,13.75599,14.01361,14.274023,14.534087,14.7893,15.036562,15.274137,15.50332,15.72767,15.95235,16.180776,16.413729,16.648992,16.88325,17.111785,17.330817,17.540762,17.741793,17.929772,18.099591,18.248435,18.37353,18.478024,18.572347,18.670843,18.783745,18.914866,19.061066,19.217032,19.374281,19.526406,19.672418,19.813816,19.949553,20.078873,20.201312,20.315673,20.421862,20.521959,20.618991
St. Vincent and the Grenadines,VCT,,,,,,,,,,,,,,,,,,,,,0.090457,0.09144,0.092465,0.093516,0.094572,0.095614,0.096639,0.097649,0.098634,0.099589,0.100506,0.101378,0.102202,0.102985,0.103742,0.104477,0.105197,0.105892,0.106533,0.107081,0.107509,0.107811,0.108001,0.108097,0.108129,0.108122,0.108078,0.108001,0.107923,0.107879,0.107897,0.107989,0.10815,0.108354,0.108563,0.108749,0.108908,0.109049,0.109165,0.109255,0.109316,0.109341,0.109334,0.109327,0.10936
State of Palestine,PSE,,,,,,,,,,,,,,,,,,,,,1.124843,1.144297,1.180273,1.22716,1.276368,1.321677,1.361612,1.398295,1.433382,1.46973,1.509484,1.553094,1.59996,1.650014,1.702974,1.758788,1.817336,1.879218,1.945947,2.019486,2.101156,2.190716,2.287375,2.39107,2.501613,2.618272,2.742127,2.871637,3.000312,3.119607,3.223781,3.309978,3.380907,3.443333,3.507096,3.579462,3.662561,3.754693,3.854667,3.959988,4.06878,4.181135,4.297826,4.418341,4.542059
Sudan (Former),SDN,,,,,,,,,,,,,,,,,,,,,13.879855,14.302335,14.741742,15.201024,15.683945,16.19314,16.728091,17.287577,17.872353,18.48318,19.119423,19.785179,20.47756,21.180743,21.873563,22.542526,23.178656,23.790654,24.404316,25.055938,25.770994,26.560115,27.413935,28.313599,29.230635,30.144741,31.05061,31.956075,32.869747,33.805224,34.772663,35.772959,36.803215,37.865281,38.960697,40.089911,41.254715,42.453455,43.678736,44.920474,46.17136,47.19835546,48.21374124,49.23992743,50.30766862
Suriname,SUR,,,,,,,,,,,,,,,,,,,,,0.371268,0.372619,0.371318,0.368342,0.365104,0.362651,0.361368,0.361053,0.361463,0.362137,0.362777,0.363309,0.363993,0.365242,0.367611,0.371469,0.376973,0.383916,0.391851,0.400133,0.408276,0.416068,0.423572,0.430901,0.43828,0.44583,0.453653,0.461569,0.469108,0.475637,0.480751,0.48421,0.486271,0.487641,0.489312,0.491999,0.495953,0.500953,0.506657,0.512522,0.518141,0.523439,0.528535,0.53345,0.538248
Swaziland,SWZ,,,,,,,,,,,,,,,,,,,,,0.445844,0.458717,0.472337,0.486656,0.501596,0.5171,0.533264,0.550135,0.56756,0.585335,0.603373,0.621314,0.639333,0.658496,0.680253,0.705492,0.73479,0.767417,0.80135,0.833787,0.862728,0.887248,0.907947,0.926224,0.944223,0.963428,0.984506,1.00676,1.028694,1.048151,1.063715,1.074765,1.082195,1.087949,1.094775,1.104642,1.118204,1.134853,1.15375,1.173529,1.193148,1.212458,1.231694,1.250641,1.269112
Sweden,SWE,7.01945239,7.078323091,7.130206042,7.177030595,7.219092139,7.268028334,7.320232446,7.369520821,7.414898003,7.452031903,7.486204253,7.525838243,7.567460279,7.610233817,7.667304014,7.739859116,7.813860635,7.87404127,7.918361914,7.974206165,8.049049,8.090044,8.12156,8.146472,8.169141,8.192693,8.21863,8.245975,8.272499,8.294832,8.310915,8.31981,8.323466,8.326196,8.333904,8.350814,8.377863,8.413658,8.457108,8.506236,8.559107,8.616535,8.677787,8.7375,8.788696,8.82672,8.84942,8.859106,8.861204,8.863595,8.872284,8.888675,8.911899,8.942926,8.982282,9.030163,9.087251,9.153316,9.226333,9.303432,9.382297,9.462352,9.543457,9.624247,9.703247
Switzerland,CHE,4.620864753,4.675008124,4.739979794,4.80199795,4.852203459,4.902408968,4.96639629,5.046134121,5.117996697,5.177061808,5.278457175,5.426120189,5.577720596,5.698804333,5.79527749,5.850404739,5.902578945,5.968535432,6.036460147,6.115213629,6.169357,6.221634,6.270112,6.311468,6.341051,6.356178,6.355245,6.341216,6.321583,6.306578,6.303608,6.315799,6.341369,6.376791,6.416275,6.45568,6.493442,6.53116,6.571461,6.618268,6.67392,6.739995,6.814186,6.8903,6.95986,7.017042,7.059633,7.090176,7.113505,7.136813,7.165581,7.200945,7.242034,7.289901,7.345299,7.408608,7.480317,7.560141,7.646542,7.737316,7.830534,7.925813,8.022628,8.118719,8.211383
Syrian Arab Republic,SYR,,,,,,,,,,,4.620012731,4.771475698,4.927904998,5.089462483,5.256316807,5.428641,5.606614896,5.790423188,5.980257862,6.17631625,6.378802,6.599366,6.828765,7.066474,7.311685,7.564,7.82261,8.088148,8.363346,8.651904,8.956156,9.277263,9.613517,9.960833,10.313485,10.667245,11.020718,11.374772,11.730217,12.088714,12.451539,12.817578,13.186187,13.559642,13.941025,14.331962,14.736209,15.151962,15.568797,15.97243,16.35405,16.694414,16.997521,17.304339,17.671913,18.132842,18.7282,19.425597,20.097057,20.566871,20.720602,20.501167,19.978756,19.322593,18.772481
TFYR of Macedonia,MKD,,,,,,,,,,,,,,,,,,,,,,,,,,,,,,,,,,,,,,,,,1.996227,1.988458,1.977033,1.964924,1.956165,1.953544,1.958303,1.969345,1.984242,1.999362,2.012051,2.021585,2.028706,2.033974,2.038444,2.042894,2.04733,2.051427,2.055266,2.05892,2.062443,2.065888,2.06927,2.072543,2.075625
Taiwan,TWN,,7.758202,8.046915,8.333009,8.645264,8.967001,9.289545,9.59769,9.920227,10.288327,10.667705,11.030385,11.392513,11.762101,12.137143,12.511863,12.874153,13.210344,13.548537,14.068984,14.582944,14.913564,15.220495,15.505121,15.784817,16.075128,16.401413,16.730895,17.042272,17.372779,17.704538,18.029982,18.354855,18.653146,18.929866,19.19151,19.411454,19.617046,19.839704,20.055492,20.278946,20.503568,20.704227,20.899019,21.086645,21.267653,21.441432,21.634124,21.835703,22.010489,22.18453,22.34112,22.463172,22.562663,22.646836,22.729753,22.823455,22.917444,22.997696,23.078402,23.140948,23.193518,23.270367,23.34467,23.434
Tajikistan,TJK,,,,,,,,,,,,,,,,,,,,,,,,,,,,,,,,,,,,,,,,,5.297286,5.417554,5.523207,5.616797,5.702611,5.78433,5.862224,5.93678,6.012308,6.094126,6.186152,6.290413,6.406518,6.532871,6.666628,6.805655,6.949566,7.099021,7.254072,7.41496,7.581696,7.753925,7.930929,8.111894,8.29584
Thailand,THA,19.93034196,20.5386511,21.17118752,21.84219588,22.55901094,23.3210978,24.10985118,24.90286658,25.70193073,26.51916583,27.35997951,28.21853168,29.10090522,30.00621626,30.93388817,31.88394561,32.85235418,33.83532227,34.83393481,35.84978129,36.884914,37.964925,39.061999,40.164969,41.259539,42.334954,43.386846,44.416007,45.423442,46.41231,47.385325,48.336894,49.265597,50.183106,51.105438,52.041468,53.002775,53.979503,54.933561,55.812794,56.582824,57.225972,57.761574,58.237672,58.722767,59.266089,59.878955,60.544937,61.250974,61.973957,62.693322,63.415174,64.136669,64.817254,65.404522,65.863973,66.174486,66.353572,66.453255,66.548197,66.692024,66.902958,67.16413,67.451422,67.725979
Togo,TGO,,,,,,,,,,,1.568119236,1.606209091,1.64588222,1.687210782,1.730095782,1.774780535,1.821166045,1.869324472,1.919331057,1.971464938,2.115521,2.185661,2.247575,2.303345,2.356623,2.410446,2.464457,2.518566,2.576468,2.642845,2.720838,2.812071,2.915148,3.026378,3.140355,3.252995,3.363448,3.472459,3.579489,3.684309,3.786942,3.886858,3.984356,4.081398,4.180689,4.284286,4.392941,4.506465,4.624826,4.747665,4.874735,5.006223,5.142419,5.283246,5.428552,5.578219,5.732175,5.890414,6.052937,6.219761,6.390851,6.566179,6.745581,6.928719,7.115163
Trinidad and Tobago,TTO,0.626041372,0.64258389,0.656600503,0.671904838,0.690923783,0.714004097,0.735499528,0.757688356,0.781164905,0.809346625,0.833219409,0.853265638,0.879130464,0.895853298,0.915176372,0.930399464,0.943554231,0.951102424,0.954005789,0.953848263,0.945996,0.956364,0.968742,0.982594,0.997052,1.011487,1.025655,1.039757,1.054109,1.069199,1.085308,1.102562,1.12061,1.138673,1.155701,1.170935,1.184053,1.195243,1.20489,1.213625,1.221904,1.229906,1.237486,1.24441,1.250316,1.255001,1.258365,1.260677,1.262544,1.264781,1.26798,1.272383,1.27784,1.284052,1.290535,1.296933,1.303141,1.30926,1.315372,1.321624,1.328095,1.33479,1.341579,1.34824,1.354483
Tunisia,TUN,,,,,,,,,,,4.110406738,4.184415483,4.254407531,4.341673148,4.434884822,4.531508709,4.640951829,4.75108875,4.857476967,4.958833469,5.060393,5.172692,5.287548,5.405354,5.526768,5.652478,5.781793,5.915006,6.054914,6.20521,6.368169,6.545025,6.733958,6.93039,7.127943,7.321877,7.50975,7.692246,7.87146,8.050936,8.232797,8.417689,8.603226,8.784888,8.95659,9.113972,9.256036,9.384151,9.499387,9.603733,9.699192,9.785665,9.864207,9.939478,10.017439,10.102477,10.196441,10.298717,10.408091,10.522214,10.639194,10.75887,10.88145,11.005706,11.130154
Turkey,TUR,20.53902544,21.07161312,21.62233456,22.20076577,22.81659775,23.47857372,24.19118401,24.96283799,25.77456727,26.6012346,27.43878738,28.22922058,28.96701077,29.66766172,30.36599425,31.06939762,31.7763825,32.48970686,33.22236871,33.98820067,34.772031,35.608079,36.475356,37.366922,38.272701,39.185637,40.100696,41.020211,41.953105,42.91235,43.90579,44.936836,45.99794,47.072603,48.138191,49.178079,50.187091,51.168841,52.126497,53.066569,53.994605,54.909508,55.811134,56.707454,57.608769,58.52232,59.451488,60.394104,61.344874,62.295617,63.240157,64.182694,65.125766,66.060121,66.973561,67.860617,68.704721,69.515492,70.344357,71.261307,72.310416,73.517002,74.849187,76.223639,77.523788
Turkmenistan,TKM,,,,,,,,,,,,,,,,,,,,,,,,,,,,,,,,,,,,,,,,,3.668,3.77235,3.881973,3.991917,4.095512,4.18801,4.26769,4.335991,4.395293,4.449427,4.501419,4.551762,4.600172,4.648036,4.696876,4.747839,4.801594,4.858235,4.917541,4.97896,5.041995,5.106672,5.172941,5.240088,5.307188
Turks and Caicos Islands,TCA,,,,,,,,,,,,,,,,,,,,,0.005632,0.00575,0.005924,0.006132,0.006346,0.006546,0.006723,0.006886,0.007057,0.007262,0.007525,0.007855,0.008245,0.008671,0.009097,0.009502,0.009873,0.010224,0.010588,0.011019,0.01155,0.012205,0.01297,0.013793,0.014597,0.015334,0.015967,0.016527,0.017114,0.017866,0.018876,0.020186,0.02174,0.023412,0.025025,0.02645,0.027642,0.028638,0.029481,0.030247,0.030993,0.031727,0.03243,0.033103,0.03374
U.R. of Tanzania: Mainland,TZA,,,,,,,,,,,10.11002246,10.40145316,10.70551431,11.02210818,11.35365841,11.69728933,12.05300188,12.42344243,12.79871338,13.19426447,13.605504,14.045757,14.506496,14.984973,15.477155,15.980265,16.493435,17.018013,17.556148,18.11099,18.684893,19.279543,19.894677,20.528465,21.178079,21.842087,22.516809,23.204186,23.914852,24.663284,24.777921,25.606482,26.481865,27.378799,28.263288,29.113329,29.919937,30.897781,31.459953,32.246281,33.07559,33.955062,34.87348,35.855228,36.894334,37.9926,39.116847,40.374884,41.659033,42.996062,44.38034,45.810882,47.34214,48.829347,50.443621
Uganda,UGA,5.353486253,5.498151006,5.647290417,5.801056123,5.960198909,6.124933746,6.295480231,6.472069515,6.654943386,6.844352875,7.040561496,7.243842934,7.454486131,7.672787425,7.899060722,8.133635645,8.37685014,8.629063881,8.890648562,9.161995294,9.446024,9.720365,9.988321,10.256342,10.533627,10.827071,11.139772,11.470741,11.817951,12.177677,12.547754,12.927007,13.318149,13.727427,14.163214,14.631089,15.13374,15.668278,16.227778,16.802258,17.384369,17.973428,18.571527,19.17766,19.791266,20.412967,21.041468,21.679497,22.336812,23.026357,23.757636,24.534668,25.355794,26.21776,27.114742,28.042413,29.000925,29.991958,31.014427,32.067125,33.149417,34.260342,35.40062,36.573387,37.782971
Ukraine,UKR,,,,,,,,,,,,,,,,,,,,,,,,,,,,,,,,,,,,,,,,,51.370009,51.36072,51.31408,51.216988,51.052752,50.811673,50.489566,50.096497,49.655175,49.196895,48.746269,48.310816,47.890647,47.493771,47.12711,46.795313,46.502718,46.249196,46.028476,45.830711,45.647497,45.47769,45.319949,45.165211,45.002497
United Arab Emirates,ARE,,,,,,,,,,,,,,,,,,,,,0.235434,0.27516,0.324069,0.382823,0.451948,0.531265,0.622051,0.722849,0.827394,0.927303,1.016789,1.093108,1.158477,1.218223,1.280278,1.350433,1.430548,1.518991,1.613904,1.712117,1.811458,1.91319,2.019014,2.127863,2.238281,2.350192,2.467726,2.59522,2.73377,2.884188,3.050128,3.217865,3.39406,3.625798,3.975945,4.481976,5.171255,6.0101,6.900142,7.705423,8.329453,8.734722,8.952542,9.039978,9.086139
United Kingdom,GBR,50.10843828,50.27137994,50.41132749,50.57426534,50.74620253,50.92713527,51.16504611,51.41095722,51.63287514,51.93676343,52.35260976,52.78744626,53.27226728,53.60514417,53.97100978,54.32987419,54.62276879,54.93864986,55.19355651,55.44046288,55.611401,55.785325,55.927492,56.039166,56.122405,56.179925,56.212943,56.224944,56.223974,56.220089,56.221513,56.23102,56.250124,56.283959,56.337848,56.415196,56.519444,56.649375,56.797704,56.953861,57.110117,57.2646,57.419469,57.575969,57.736667,57.90379,58.079322,58.263858,58.456989,58.657794,58.867004,59.080221,59.301235,59.548421,59.846226,60.210012,60.64885,61.15182,61.68962,62.221164,62.716684,63.164949,63.573766,63.955654,64.331348
United States,USA,155.5635263,158.2269071,160.9597357,163.6476376,166.5510849,169.5188979,172.5551611,175.7027746,178.663448,181.6751901,184.5776241,187.6629138,190.5714742,193.3339525,196.0381914,198.5043748,200.8101814,203.008722,205.0458257,207.0594528,209.485807,211.357912,213.219515,215.0929,217.001865,218.963561,220.993166,223.090871,225.239456,227.411604,229.588208,231.765783,233.953874,236.161961,238.404223,240.691557,243.032017,245.425409,247.865202,250.340795,252.84781,255.36716,257.908206,260.52742,263.301323,266.275528,269.483224,272.882865,276.354096,279.730801,282.895741,285.796198,288.470847,291.005482,293.530886,296.139635,298.860519,301.655953,304.473143,307.231961,309.87617,312.390368,314.799465,317.135919,319.448634
Uruguay,URY,2.183504294,2.212147993,2.241906284,2.272709417,2.30517234,2.341585683,2.377562253,2.413056022,2.448334132,2.482775231,2.518545632,2.551209503,2.585711337,2.619191343,2.650535639,2.679913859,2.707849847,2.735087612,2.762978048,2.788105964,2.809799,2.818269,2.821437,2.822084,2.824069,2.830172,2.841436,2.857107,2.87597,2.896021,2.915775,2.935036,2.954281,2.973461,2.992648,3.011907,3.031032,3.049962,3.069094,3.088985,3.109987,3.132048,3.154853,3.178156,3.201604,3.224807,3.248039,3.271014,3.292134,3.309318,3.321242,3.327105,3.32777,3.325637,3.324096,3.325608,3.331041,3.33975,3.350832,3.362761,3.374414,3.38561,3.396753,3.407969,3.419516
Uzbekistan,UZB,,,,,,,,,,,,,,,,,,,,,,,,,,,,,,,,,,,,,,,,,20.515248,20.970307,21.416399,21.85208,22.27614,22.687456,23.087174,23.47476,23.845788,24.194543,24.518222,24.814629,25.088682,25.353547,25.627007,25.922239,26.242947,26.586701,26.952719,27.338109,27.739764,28.158395,28.592451,29.033361,29.469913
Venezuela (Bolivarian Republic of),VEN,5.395339295,5.619396955,5.859109586,6.111901924,6.375198193,6.646413371,6.927303506,7.219629782,7.520803068,7.828227043,8.139297167,8.453121806,8.771455467,9.09565512,9.42708441,9.767108526,10.11118712,10.45842752,10.81568237,11.18982796,11.587758,11.937803,12.286434,12.636971,12.994025,13.360988,13.739142,14.12779,14.525929,14.931741,15.343917,15.7618,16.185895,16.617343,17.057786,17.508059,17.96853,18.437737,18.912431,19.388262,19.861959,20.332247,20.799471,21.263994,21.726808,22.188671,22.649212,23.108003,23.565734,24.023355,24.481477,24.940223,25.399143,25.857553,26.314483,26.769115,27.221228,27.670659,28.116716,28.558607,28.995745,29.427631,29.854238,30.276045,30.693827
Viet Nam,VNM,,,,,,,,,,,,,,,,,,,,,43.407291,44.48591,45.549487,46.604726,47.66177,48.729397,49.808071,50.899504,52.015279,53.169674,54.372518,55.627743,56.931822,58.277391,59.653092,61.04937,62.459557,63.881296,65.313709,66.757401,68.209604,69.67062,71.129537,72.558986,73.923849,75.198975,76.375677,77.460429,78.462888,79.399708,80.285563,81.123685,81.917488,82.683039,83.439812,84.203817,84.979667,85.770717,86.589342,87.449021,88.357775,89.321903,90.335547,91.378752,92.423338
Yemen,YEM,,,,,,,,,,,,,,,,,,,,,,,,,,,,,,,,,,,,,,,,11.426912,11.961099,12.57124,13.245003,13.948118,14.633091,15.266147,15.834747,16.349809,16.829935,17.304422,17.795219,18.306287,18.832097,19.374012,19.931617,20.504385,21.093973,21.701105,22.322699,22.954226,23.591972,24.23494,24.882792,25.533217,26.183676
Zambia,ZMB,,,,,,2.824304941,2.895183308,2.96901496,3.045799896,3.123569182,3.203307169,3.28501409,3.367705596,3.453350153,3.542932578,3.636452639,3.734894685,3.839243535,3.9465452,4.058769555,4.185378,4.331002,4.484141,4.644329,4.81081,4.983017,5.16057,5.34355,5.53235,5.727577,5.929497,6.138069,6.352561,6.571673,6.793708,7.017292,7.242496,7.46927,7.69607,7.921028,8.143142,8.361381,8.576987,8.794061,9.018229,9.253527,9.502346,9.763742,10.034412,10.30931,10.58522,10.861238,11.139978,11.426006,11.725635,12.043591,12.381509,12.738676,13.114579,13.507849,13.917439,14.343526,14.786581,15.246086,15.721343
Zimbabwe,ZWE,,,,,3.122418937,3.218476308,3.332450599,3.44253439,3.553766379,3.669693124,3.786749159,3.908712887,4.038639942,4.165798809,4.2836609,4.423397491,4.565408868,4.716221365,4.882747578,5.053616728,5.206311,5.385342,5.573312,5.768382,5.967861,6.170284,6.373956,6.580739,6.796946,7.031159,7.289083,7.571965,7.876414,8.197564,8.528328,8.862601,9.198874,9.535657,9.866776,10.184966,10.484771,10.763036,11.019717,11.256512,11.476807,11.683136,11.877664,12.059858,12.226742,12.374019,12.499981,12.603988,12.691431,12.774162,12.867828,12.984418,13.127942,13.297798,13.495462,13.720997,13.973897,14.255592,14.565482,14.898092,15.245855
Total,Total,1297.150865,1345.40795,1935.280272,1990.793408,2033.900242,2106.818024,2147.482175,2190.849473,2234.226473,2335.380644,2579.137503,2613.904434,2684.223302,2745.81431,2810.287482,2871.686467,2934.593403,2997.616768,3062.701167,3130.116918,3350.356118,3421.81631,3493.832325,3566.047279,3637.96636,3709.593141,3780.670205,3851.327677,3922.167906,3994.107218,4067.792483,4143.257371,4220.377104,4299.388723,4380.569063,4464.010935,4549.851998,4637.781818,4726.781921,4826.84662,5239.44228,5326.300724,5411.361085,5494.457088,5575.92811,5656.075811,5734.866822,5812.519911,5888.806959,5963.963694,6039.892935,6115.883983,6191.986714,6268.457045,6345.574766,6423.692232,6502.565145,6582.438253,6663.083371,6744.362187,6826.078342,6907.928139,6990.183842,7072.456671,7154.701081