iso,1990,1991,1992,1993,1994,1995,1996,1997,1998,1999,2000,2001,2002,2003,2004,2005,2006,2007,2008,2009,2010,2011,2012,2013,2014,2015,2016
ABW,,,,,,,,,,,,,,,,,,,,,,3671232222.3658104,,,,,
AFG,,,,,,,,,,,,,23378628008.9566,25352757518.2174,25620370017.4831,28483515603.8497,30065529260.2352,34196594611.8752,35431559620.9183,42879503310.6483,46495656381.9102,49338254430.557,56460103813.5996,57566226632.6841,58321801149.6039,58970664733.6535,60287050236.9184
AGO,53485330048.9459,52843506093.9848,49197304172.5742,37045570048.7365,38342164996.4825,42329750163.2751,47070682167.4097,50789266063.2324,54245354799.5022,56002795625.6121,57689642487.7707,60124702190.7584,55951770351.3937,58887836445.9306,65294584235.9224,77218322300.7962,93229637862.261,114293060567.375,130085099395.25801,133223883333.08301,137763693380.12302,143162097316.44,150542734126.265,160800092436.219,168525688985.459,173593223666.64902,173593223666.64902
ALB,14978051139.5978,10546195932.204,9786869826.54442,10726409334.3364,11616701306.9225,13161722579.8561,14359439335.6386,12803184015.993,13956603984.4128,15840909285.6711,16896962591.3081,18238637421.7398,19010381839.6052,20107944440.687,21256018908.8625,22472037478.4932,23692496696.5572,25090354001.6085,26979657655.2903,27883476189.1365,28917953154.0248,29655360961.0256,30076467086.1225,30410315868.5425,30957701553.5959,31759506025.4383,32858384932.1302
AND,,,,,,,,,,,,,,,,,,,,,,,,,,,
ARE,206603487965.37302,208380447262.34,215350658348.383,218066641366.98602,233104840882.90198,248694628000.18698,263114947385.733,284665110490.159,285496316511.784,293782029579.23303,325665324253.325,330221659045.75,338257460508.953,368025946387.688,403232915377.065,422810442764.565,464403658051.51,479192082507.052,494487109202.33795,468561536232.084,476224621449.29205,506507365109.089,532362942371.15704,563186256710.495,581686509239.398,603958512328.136,622297469759.722
ARG,353995533061.11206,398845740837.15704,446471012279.608,472843695529.2,500439802615.00604,486201241255.883,513072075795.86,554687591831.298,576044056184.227,556542332126.9921,552151219031.107,527807756978.584,470305820970.42896,511866938234.46295,558086338624.299,607486243380.051,656371581729.116,715495242254.303,744524552076.755,700459679762.513,771384011261.412,817697534663.575,809304519912.4009,828770913988.898,807947089029.563,829335641363.9559,810276048768.545
ARM,13241360919.5518,11692121893.0009,6804814620.36135,6205991015.94511,6541114703.9618,6992451514.3482895,7402586817.78883,7648432625.56006,8206768207.22595,8477591558.064409,8977769459.99019,9835742701.57703,11132713293.7678,12695834751.5139,14024814656.6168,15969454960.225,18077104187.2779,20562561750.2571,21981378511.3708,18871015949.0773,19286178299.7958,20192628679.6198,21646497945.2151,22360832377.7968,23165822343.6125,23860797013.1932,23908518606.7986
ASM,,,,,,,,,,,,,,,,,,,,,,,,,,,
ATG,1092513229.36316,1116295856.14616,1129226204.28474,1188850155.1298401,1268220111.68119,1212932132.13305,1293044092.99577,1363788241.25912,1428313341.32185,1481273694.83993,1571403792.11593,1489751036.91962,1505955352.47419,1597977348.36956,1690842700.28806,1797150778.66354,2027275231.2450302,2215601283.84776,2216657602.62305,1949870556.9186602,1812566040.75621,1780605552.8058,1848935752.9171,1845236186.7270002,1930168594.44499,2009826596.35121,2097770149.70268
AUS,487766758335.591,485936008757.771,488056944073.53296,507881788832.569,528459181938.67,549012715328.539,570692169381.625,593220900361.09,619560737365.533,650580947894.391,675744565374.3729,688786802151.9,715325255172.534,737273614676.114,767838556025.0,792436633744.592,816035827668.467,846634946448.71,877944697858.315,893852680012.323,911782289473.996,933417248380.598,967339961146.0759,992199206029.817,1018090222426.24,1042744402721.84,1071584351072.95
AUT,240050185851.955,248311818791.205,253510288097.96802,254845804337.08603,260967503196.651,267930073568.30103,274355878824.047,280405479836.61,290387822157.043,300812709402.453,310945307913.31604,315144674296.455,320363012962.194,322785458951.728,331519204194.791,338615978101.225,349962428477.397,362636354303.012,368247295481.329,354257304362.33203,361089769540.96796,371229170024.562,373997634205.319,374462227326.591,376876927646.27704,380506472551.616,386140748785.935
AZE,60946791249.6116,60520163735.2054,46842606492.2018,36021964603.9666,28925637570.1393,25512412076.7171,25844073484.6787,27343029882.1875,30077332946.4722,32303055759.462997,35888694707.6342,39441675483.6899,43622492770.0479,48508212063.743,53456049887.4524,67568447489.7946,90879561542.8867,113643982480.43199,125886190467.364,137732903988.90698,144418926509.107,144514131462.76,147693442627.257,156254756508.811,159379851638.987,161133029702.75198,156137905456.404
BDI,5889202771.34675,6183476602.12475,6245929614.759621,5856183606.84845,5631891774.899839,5185845946.29076,4770978270.51633,4695119716.14871,4918137902.2932,4868464709.66697,4826748585.33385,4925977225.89982,5145011759.82077,5082050812.409679,5327699755.95462,5375649053.9108,5665109338.39415,5936231951.16376,6235899991.3093,6452187532.08544,6696461063.94965,6977151645.62124,7257588873.807059,7591006441.605709,7944817041.227091,7634578342.84313,7589746510.9585705
BEL,306010535125.377,311619935618.07,316389761078.868,313346493110.12604,323458095068.719,331171785331.683,336449243705.793,348932173215.655,355825368783.421,368503759737.252,381894601787.308,384994226724.687,391848098755.09,394882955332.96796,409236068909.114,417807456931.269,428249029019.709,442798760773.12897,446107725869.705,435913661112.36,447662164658.545,455704997289.37396,456329548547.955,456045030655.651,463552368353.61896,470394674644.95,476006383577.109
BEN,7281933690.133459,7589653601.68144,7814133607.945271,8270179892.47555,8437270644.046009,8947320414.92647,9334227962.87014,9869516848.91403,10260449609.263,10808506330.4841,11441883947.698,12051783371.8559,12611524838.1216,13045871409.6567,13623755116.011002,13856936260.6803,14403871439.8246,15266161439.334,16013194854.7505,16384577181.2719,16731414124.1439,17227124154.8024,18055797650.6181,19354568602.8494,20585039357.0999,21016184356.8545,21852899133.7919
BFA,7235850446.172871,7892140957.24998,7910506818.65255,8184319909.96664,8291944311.957971,8765942849.65581,9731489002.266891,10346211079.7932,11102283178.1579,11924316094.0169,12141367490.9855,12944324634.6208,13507791645.5327,14561728970.2515,15213872266.9067,16531676827.4531,17565428799.3053,18558754696.9543,19912522715.0002,20502334499.5241,22234028341.5079,23684080409.0061,25212337086.177002,25921979428.7529,27007059164.5957,28086807428.0284,29733169028.8797
BGD,136763926786.14099,141530461203.864,149233519165.676,156264748534.802,162343644834.979,170657714035.36,178376424579.822,186385341419.14102,196034560632.58603,205189681149.996,216050975705.13397,227020505484.482,235722482829.04398,246894708777.71,259830838298.284,276813238827.961,295281853462.91,316124725281.398,335135801636.774,352043821059.31604,371659006686.465,395684471605.039,421488777535.966,446835410086.698,473918520089.175,504972662927.365,540893840151.90295
BGR,81052972579.5575,74207761114.1895,68811084869.2224,67792532986.9984,69025008857.0679,70999254872.3841,72135242923.7372,71341755314.9144,73838716631.5157,69696364645.8414,73188814236.7669,76297893550.92099,80889594069.9169,84996781203.6675,90568801758.0978,97122535034.8223,103681349887.741,111639257083.30801,117943531920.85199,112966636860.99901,113028269112.206,115192780822.77199,115228425624.851,116221801513.831,117766214600.54599,122026339854.199,126227135710.396
BHR,17644257487.0558,19625707387.5944,20938666891.2592,23633474716.7018,23574390679.061,24500862239.6088,25507849175.9141,26296806896.5251,27556424680.1696,28741350654.9341,30264640743.3931,31018543102.742,32139599247.5894,34075673020.8524,36454477688.8399,38922059304.766,41439759050.06,44876127789.2637,47678699564.3471,48889630049.6955,51008705639.7976,52020628204.6714,53962168892.2292,56885031775.1285,59359440966.6084,61058289068.2214,
BHS,6224182973.29971,5963901045.86234,5735747077.55161,5753402105.02482,5934571915.453711,6194432066.21236,6456055804.99636,6589195137.27975,6899972801.19532,7392915823.40038,7699666117.04033,7901830638.83525,8115545882.323441,8012904951.679891,8083649626.07005,8358113189.2552,8568475517.906559,8692420419.78641,8490393585.86416,8135417039.134759,8261272360.24791,8311829625.994209,8567843014.24148,8568918700.74672,8523739867.52662,8382824935.3401,8404338665.444909
BIH,,,,,5812438950.92029,7021426284.67422,13267523143.2726,17830167910.9903,20611673456.7225,22590394066.3317,23832865838.4359,24881511817.7507,26200232010.5849,27248241308.131,28910383965.5716,31442421984.0908,33133545362.5657,35031685632.6161,36951950237.4022,35891473135.531,36166851984.063995,36495336684.3689,36154766731.0214,37020381256.2101,37420895754.0962,38549480539.7489,39315716631.9494
BLR,85117948716.6702,84096533332.2917,76023266132.2991,70245497905.9072,62026774650.9037,55575990087.6989,57132117809.4075,63645179239.7592,68991374296.0775,71337081021.9987,75474631721.6614,79041039027.6095,83028870737.1798,88876754079.2083,99052913943.1451,108363887853.801,119200276639.181,129451500430.316,142655553474.335,142940864581.347,154081241080.305,162623060502.26,165438701899.021,167132769067.445,170012610417.334,163501857543.255,159170632067.724
BLZ,968677627.2351971,1070360129.3971801,1199186083.25225,1274453762.15206,1276466617.58461,1284686725.32912,1303041335.74447,1349236481.68885,1399710832.93186,1522610643.35718,1721140223.2623901,1807466816.6024601,1899983080.02122,2077185721.26753,2173784579.24721,2229840875.84784,2332024678.50728,2357777478.9751,2433898206.4623,2451254766.5784,2532745314.9502897,2586033030.36327,2684942297.21705,2720224564.68207,2831237854.6055303,2896339796.51425,2873783549.47639
BMU,2405862615.04608,2320830206.06248,2319443808.08995,2389225839.37538,2403551951.75845,2509287755.91646,2574541182.92306,2692970077.3375697,2797995910.3537397,2892642283.03342,3162154264.8163,3390538833.08688,3340433776.56587,3454366158.62813,3534551202.2428,3593726911.1670203,3792958312.9440103,3900901738.61185,3960503378.69618,3751223364.15495,3672668487.99025,3550019929.12843,3378392789.57695,3293556129.34525,,,
BOL,25417776632.4564,26756409461.5555,27196953753.7,28358071900.9118,29681618623.7114,31070206990.6145,32425284447.5045,34031700724.5445,35743275683.2884,35895858516.7361,36796058736.6003,37415630452.4578,38345620543.5803,39385300629.1259,41028965643.0596,42843033921.6179,44898218039.119,46947500636.5569,49834113567.8222,51507045387.6761,53632598252.0909,56423688392.2173,59313864685.5243,63344841872.5948,66803831147.3381,70048618747.1641,73035435394.1162
BRA,1544993677612.67,1568353012347.7,1561030164956.74,1633854860117.78,1721013692374.14,1797026243729.89,1836696236506.69,1899052599714.69,1905478161533.41,1914416122921.14,1993147728618.01,2020849834473.26,2082552517871.61,2106314588150.41,2227635696680.94,2298967603741.76,2390050462304.47,2535123486323.38,2664271353689.57,2660917753768.96,2861237591078.04,2974955344832.28,3032108708886.12,3123219493122.47,3138959326013.66,3020644017826.66,2912059743337.24
BRB,3462563893.81265,3327523612.7117896,3137854209.4221396,3162957062.68642,3226216207.8965397,3291490996.69212,3422040574.28328,3584250378.77529,3718317759.3554296,3730434636.3174896,3896553110.7972603,3804308499.0861397,3834405257.99189,3917659928.73116,3972772175.5585704,4130291576.0652704,4364420908.33205,4441421707.09091,4459010722.03583,4278821035.6001205,4290156178.5646205,4322598139.46303,4335496750.422629,4332369814.432421,4335105883.42385,4374192583.30145,4442594308.08724
BRN,21911944834.1895,22601281769.872997,23676782035.0165,23748895090.5649,24495892218.17,25592991540.9038,26329639158.4682,25942284992.1106,25797395034.2527,26584772069.137997,27342284375.3295,28092567737.0402,29180339200.3506,30027723258.6296,30179158547.8893,30296104962.6462,31628442732.1111,31677334551.9124,31062884656.7293,30514769016.8002,31307837411.1498,32480415591.3426,32776910359.7628,32080063898.3911,31326263639.6957,31148701800.9807,30380725976.136
BTN,1249305959.57901,1244210339.2931302,1301455106.18781,1327306775.60057,1393028419.3093,1491572883.40635,1574581492.73243,1659196959.50421,1757322379.29636,1897626506.3928,2029189412.0614102,2195659522.64461,2431206376.6114697,2617542154.5688,2771883124.6013,2969312153.57852,3172691208.63935,3741422280.73992,3919826548.16105,4180778173.8884797,4671219172.59607,5039821055.27253,5295426154.38932,5408880477.24548,5719645280.13305,6090928651.54039,6466521117.76028
BWA,11175473236.5022,12009019277.1379,12359330812.6242,12596148832.9914,13053126534.5248,13970814881.7561,14785285458.6891,15972033644.7243,16087350634.3742,17642553549.1303,17993233854.6345,18038320196.4525,19133161608.7818,20018241535.1712,20559899465.9221,21496741232.0871,23294700952.7663,25222748318.6472,26798019274.9901,24747351711.9328,26866623779.858997,28491602186.8884,29761235623.3402,33137178834.7656,34512124133.6115,33925440081.2613,34909277843.6179
CAF,2740634995.85149,2725491808.88654,2550404083.7637,2558954968.51678,2684342467.3988104,2877616347.97135,2762509018.91537,2908920229.4165697,3045643621.88467,3155286027.94762,3076737313.9839897,3214105605.58152,3330345090.88693,3150590206.87931,3339464442.2800198,3369793809.48522,3530569550.9654703,3693241773.5892797,3769105796.36228,3833528830.8762603,3950322451.7299204,4080711501.6379204,4248542917.29711,2689329687.33301,2717299201.42758,2847726467.5802803,2976765097.27816
CAN,869848700130.8209,851358393869.453,858875684379.7891,881680859741.4829,921298965392.4591,945968665506.437,961208675061.333,1002346603446.63,1041255284378.71,1095017490719.34,1151768855838.72,1172164598599.54,1207446944169.26,1229208438201.3,1267141333783.16,1307707370087.6,1342013930307.11,1369696291657.46,1383398198807.27,1342593656484.99,1383992722798.01,1427466965184.4,1452383005413.25,1488329511798.84,1526509617960.04,1540884390487.23,1563500676056.51
CHE,320789282648.675,317851441212.589,317712435260.48,317312169901.918,321341265569.319,322886487853.857,324827337775.529,332337499603.063,342124082784.166,347746454232.635,361468885784.461,366697875895.764,367223700022.66705,367406240127.142,377851409793.30396,389331689384.423,404954734992.921,421721271757.33295,431324877605.285,422139303169.674,434608524693.076,442451269840.81604,447088613263.491,455049381545.48206,464136199660.449,468045326174.656,474071179602.363
CHI,,,,,,,,,,,,,,,,,,,,,,,,,,,
CHL,119071217974.426,128364002806.285,142698035835.184,152100100941.09,159751037142.287,174022069944.727,185860646221.311,199666170218.862,208300892478.30603,207442492484.507,218492826314.251,225709747741.849,232722483092.65,242243270848.99802,259707895654.328,274622479869.477,291970866200.755,306292984643.76196,317103689119.271,312143428138.889,330385643496.48303,350575241993.67303,369221034976.868,384156041711.43604,391492244125.789,400310750809.029,406671778963.79
CHN,1732756378809.19,1893800072049.6,2163025788240.96,2462985033651.0,2784457749538.8,3089334359662.09,3396054981502.71,3709536979804.76,4000276166473.88,4306996788314.5,4672725786343.85,5062426937161.29,5524659216997.77,6079092084551.99,6693762669450.11,7456568865289.64,8405005577781.54,9601154535987.05,10528077778001.2,11517697419669.6,12742735895345.6,13957939641687.6,15054511965121.0,16222386076418.1,17406241622917.7,18607307946977.9,19853997578144.0
CIV,39180243995.9358,39196278576.9022,39100419918.062996,39025157435.6656,39341732121.4828,42145123522.5276,45402658112.0322,47102330747.2584,49424795773.5775,50224255408.9174,49185416881.5209,49245114163.9515,48423881889.2812,47765541810.0138,48353904780.8949,49186195093.9312,49931780276.2247,50813094564.8564,52105191008.8138,53799367179.4931,54884843973.9869,52476906028.6953,58095348125.8286,63259688377.4398,68822794330.2418,75129288985.5009,81706941227.4441
CMR,33414647779.646,32142017714.1873,31145614133.0368,28675123284.7809,29266806488.2086,30475048823.761,31971964797.5515,33671005670.8961,35319322454.5225,36754091816.2206,38288053620.6337,40016480154.9579,41620758680.2332,43298488680.5562,44901335539.0081,45932653146.749,47413523255.0789,48957148496.5673,50369095293.9879,51342150958.969,53020345598.1617,55215701705.02901,57749405977.9266,60961247834.4815,64574399632.3341,68302439596.7994,71393874984.1877
COD,44322410981.9598,40589997927.5113,36328044668.7322,31435001972.787003,30209037900.7864,30420500812.584,30109246570.7105,28417996160.316,27956444126.2299,26762664590.6628,24913116292.8378,24389897744.7965,25108854658.8327,26509381956.1412,28295683239.7376,30031666176.9741,31629645445.5134,33609493564.9503,35701987120.9681,36721300312.6956,39320760556.9558,42019985292.7179,45027716855.6637,48856650251.9112,53502899889.734,57185360031.3414,58446468775.799
COG,12544967570.6402,12845465640.9507,13180982530.5574,13051850658.2745,12334902615.4926,12826488496.438,13376806619.6141,13293226706.6389,13790068069.6167,13433981020.5281,14451736788.5294,15001278806.2564,15688617908.716002,15816207801.9869,16366079083.9546,17635392731.8501,18735135295.7855,18438703722.81,19466157004.2768,20920060528.5036,22750912218.9399,23529134761.3866,24423240906.7126,25263572638.6131,26976427946.1947,27690345067.1903,27174013462.1315
COL,258185465003.406,264064945732.088,277354482832.351,283915720748.357,300484507014.326,316117025967.04803,322615932741.275,333682606687.265,335583877090.772,321475879742.457,335685091122.417,341317545585.573,349864070252.355,363572695817.87396,382962107917.07794,400986433731.574,427842561312.075,457366383419.6,473588276652.646,481409820261.48706,500530458895.30896,533512971123.156,555087935875.08,582143285892.64,607720381850.595,626268108623.995,638543275707.4711
COM,658530458.341536,622998796.128526,676146346.413927,696470882.844511,659720328.870314,683537086.934139,674708054.1357269,701901087.2376981,710904109.096025,724582783.3049,803186066.721811,821923887.585284,841031803.649804,858727970.255286,875212132.805405,900045469.8150461,923868772.1667801,931261134.00651,934988663.661623,953220942.3955231,974191802.954097,999520790.689932,1029506414.13009,1065539138.56177,1087506713.99995,1098546195.39878,1122714211.69755
CPV,566468507.937397,574422557.661839,637250870.7023901,692744660.771458,825631387.755356,942967117.4202689,1049961114.58031,1166700264.5086699,1312739469.50316,1460063606.30847,1668631777.33519,1705869873.3632,1795443245.2141,1870425610.75003,2061154268.3782198,2203630691.2501698,2379563066.4140897,2740559155.0799,2922820603.22066,2885688331.29191,2928015321.96758,3044224922.25246,3077160949.1407,3101864321.69711,3120823309.85262,3154092726.47174,3277694563.75671
CRI,24109013878.61,24729078422.4487,27003303098.7116,28917166954.3171,30214757583.1294,31460057677.3481,31849475397.0281,33621881291.8926,35962535831.9081,37380665886.1674,38776659193.121,40130146628.8813,41451132013.4104,43215075093.3436,45089129283.8321,46834472245.1148,50224226207.25,54326488828.7221,56852452417.6421,56300671899.9031,59088604515.6545,61633610781.5746,64590125733.697,66055693384.5871,68471220380.0828,71705298733.0034,74809269104.2397
CUB,,,,,,,,,,,,,,,,,,,,,,,,,,,
CUW,,,,,,,,,,,,,,,,,,,,,,,,,,,
CYM,,,,,,,,,,,,,,,,,,,,,,2823463451.74062,,,,,
CYP,13512014697.9127,13611936242.2399,14891458089.9829,14995698340.0891,15880444358.3304,17225230322.4968,17454844957.0261,17902667883.5486,18839971683.2468,19749668827.8217,20880219213.3836,21632045964.8876,22367341785.18,22921127980.7689,23968693091.6486,24861363377.0755,25982656441.1589,27235205099.0626,28287564179.9936,27786181036.3455,28152341162.6827,28242765356.4102,27350921617.5438,25722790202.5125,25328858111.7398,25754198971.8145,26484204894.1192
CZE,206307974059.37,182345421789.971,181421765007.39102,181534072786.651,186815460748.243,198438009033.62698,206936710187.725,205541395449.85602,204891817492.446,207838264733.668,216763122604.71802,223377695424.75198,227056613576.065,235234835285.61603,246872975862.81198,262777180514.75,280847169663.662,296375957679.086,304410578215.636,289671671600.13696,296319896260.81604,302260233093.211,299842621904.544,298392369974.709,306494069347.29,320395502316.07104,328168402969.47
DEU,2485226723569.83,2612178603675.13,2662431878796.07,2636974628848.04,2701774900278.09,2748722038709.3,2771203770762.25,2822448889452.94,2878322607197.76,2935518761678.6,3022470159181.13,3073715277871.83,3073715277871.83,3051894783408.17,3087601049405.82,3109421556683.66,3224475116048.83,3329610265344.83,3365647150137.13,3176536134047.86,3306136689722.13,3427141297691.63,3444002587120.7,3460863889363.96,3516076369519.48,3576578673504.23,3643362632073.79
DJI,1831219810.93462,1752887247.22174,1752572306.35947,1636536575.28156,1621196621.50826,1564645049.3690698,1500252100.12024,1489062137.72724,1490541946.32815,1523020947.42837,1529359973.1373901,1560677662.41147,1601544979.1486,1652793767.69241,1716037526.19809,1770429071.6895897,1855407271.43429,1950034181.2628698,2063135434.82544,2166965346.95801,2242525640.6271,2342710799.37195,2456153748.56462,2578959158.0219803,2733701719.0392103,2911406226.39905,
DMA,477298449.86814505,480200094.615555,490031504.55085593,498268659.81917405,505400505.035827,515380745.417906,528995986.47428495,536882353.259234,563608824.723744,567459934.526296,569589673.8212559,572284419.8492099,562251356.857741,605472816.531616,625151556.380337,624599907.789902,642898733.213434,683536398.7375059,732209261.4933059,723644191.273398,728511007.879125,726828064.9049231,719052528.0059559,724593839.316794,754932315.9316549,741629313.833086,748229316.448043
DNK,173689966462.944,176110607151.82397,179557112102.804,179576251864.362,189152063273.728,194878895591.18,200530516732.933,207069575833.124,211662714245.895,217902546087.925,226067137050.018,227928007106.851,228990937808.589,229884171610.316,236017926041.457,241532873111.23898,250984006496.37,253266086094.534,251969299855.45,239606361759.48398,244089379149.77,247352304134.257,247912479127.463,250226368470.189,254419998057.19897,258506202362.78897,261834633855.14398
DOM,37837002795.9821,38194236653.8663,42209666262.5011,45258310634.5558,46300725569.0932,48844315794.7663,52327583387.3389,56516026765.2304,60478138053.8558,64539459171.9129,68190201366.9715,69423918598.275,73442318933.8205,73256246348.6454,74217337694.2099,81091904196.7683,89745346856.8577,97562538220.1724,100693812042.054,101646531748.335,110100542636.657,113515770428.131,116687299312.195,122220685949.16301,131520414964.851,140780683458.026,150135982472.795
DZA,265252807170.838,262069771934.675,266787033859.772,261184504123.232,258833852599.994,268669525513.23,279684971947.972,282761506465.57697,297182353504.432,306692193424.67,318406849184.592,327985786399.332,346383569175.185,371329671301.445,387302878542.932,410183924182.519,417093424470.52295,431161464955.007,441337456996.83795,448541160441.346,464841798181.354,478284400071.873,494425392066.62897,508109301384.65,527362178701.87604,547209280045.419,567456023404.7421
ECU,76349832716.2921,79626265458.4644,81309812089.2585,82914232001.2029,86444927673.6088,88392141832.3109,89922870551.4872,93814610781.1521,96879092627.3289,92287618677.0392,93295216341.4635,97041606943.7538,101017184846.402,103767758879.014,112288151266.025,118229663496.819,123435937981.532,126139263988.069,134158101737.554,134918096104.018,139674361950.133,150664137576.237,159164551066.427,167037643517.84802,173706969723.433,173980981566.9,171427812586.602
EGY,339258054811.194,342918097133.844,358116207212.681,368504394008.794,383145708595.461,400933120525.63,420934593555.914,444048633284.67206,461972094047.286,490177630803.50397,516490354615.709,534749590052.151,547425615678.56104,564901000123.7789,588005114348.1489,614341629179.196,656448037935.9979,702991982807.46,753309454899.7091,788517970102.6609,829088058411.598,843842460027.4391,862538707676.352,881389198331.965,907089730673.907,946747866752.655,987436084287.9929
ERI,,,3464715057.50448,3930884240.53964,4765073355.37725,4901277213.27549,5355078548.59139,5778594837.64384,5881025215.36759,5881817991.74174,5697012107.18605,6195810310.00904,6382021003.3495,6212545424.596971,6302735154.1084795,6464995889.67665,6402336055.05114,6493685998.24794,5858406746.506129,6085507975.44211,6219035616.04434,6758835465.49469,,,,,
ESP,923439444004.185,946950217598.465,955749425064.976,945890948369.4259,968433377210.16,995137869749.5021,1021754215987.29,1059453002569.95,1105072820516.39,1154634244520.79,1215703925587.05,1264345081226.11,1300755211954.71,1342217714058.95,1384722346549.5,1436276984989.03,1496228897173.19,1552620197204.08,1569947015589.59,1513840060274.32,1514048766494.16,1498907060209.01,1454991909843.42,1430171277524.0,1449893314942.59,1496357762758.6,1544776205048.96
EST,,,,,,16322814615.3488,17191815944.521,19220212758.9559,20011558458.4621,19840169811.117,21936893827.1824,23325216331.0341,24742548540.4217,26577496360.9232,28250482309.8643,30898601006.0056,34072469486.4994,36712469966.8663,34722853850.8742,29610120602.1953,30279035698.8539,32579424941.3604,33982705150.2729,34463633256.5505,35436509560.7266,35948289232.479,36512782886.3054
ETH,31350152720.4985,29112541931.5651,26587762517.737003,30082147999.0287,31041757862.1318,32943845117.7388,37037504561.8232,38198225460.6532,36877277672.0082,38780936521.4459,41136187141.9482,44551028045.6176,45225853914.0142,44248360523.8487,50254014899.7144,56193419293.8149,62281822906.6602,69416932546.6472,76905993365.0393,83675684346.8224,94177433193.7438,104704865663.231,113759545218.877,125797887490.473,138701596949.612,153116109123.262,164694392060.323
FIN,144135631937.133,135610836828.863,131102279105.113,130139341643.466,135265869909.032,140956681811.672,146114051490.599,155248821218.703,163676522988.61,170950527443.85098,180583328884.02698,185243809125.45102,188356507325.911,192112306108.705,199654745087.655,205205057218.311,213526527453.303,224597452575.821,226216055640.06,207510167298.505,213719571855.46,219213912532.23602,216087507036.948,214449485305.036,213094747666.23,213667027225.287,216631229731.781
FJI,4292558908.93143,4176659697.31826,4431435997.0882,4525826985.28756,4756644168.7324705,4875560203.396729,5109587138.44186,4997176182.44587,5062139570.8649,5507607753.3269205,5413978501.91525,5522258043.17257,5698970328.951329,5755959944.93852,6061025838.809171,6103453042.8975,6216518478.53651,6163637444.37169,6227295135.34985,6140982490.50155,6322428385.2024,6493459112.28588,6615761901.62004,7018032892.65646,7400267903.697691,7811978866.57731,7965476600.163191
FRA,1727764670453.31,1745717965244.01,1773643713008.53,1762777434545.6,1804121362538.61,1841738818089.77,1867302227078.37,1910947305793.69,1978904437812.86,2046327674070.07,2125626191792.01,2167170480666.48,2191409348259.14,2209368641878.62,2270931022411.92,2307441094169.19,2362241594894.93,2418025903541.57,2422748181561.9,2351486894647.41,2397709070209.19,2447562936718.01,2452034463695.08,2466164105017.59,2489533142436.28,2516107953958.2,2545990519672.71
FRO,,,,,,,,,,,,,,,,,,,,,,,,,,,
FSM,266167849.596375,285937044.022801,297397446.588845,321607547.009613,319888486.62470603,342549427.12861,331890822.97709197,311759193.319515,320973930.002743,325415409.017213,340264795.877069,346209879.70820403,348286791.163235,354646025.29210097,343186482.256249,350601219.461448,350028342.588178,342818889.843944,334043946.10918796,337257299.733675,345791861.524608,352882555.847251,354873371.028005,342234552.568107,330588634.735525,343060704.338087,349542278.264345
GAB,18568819534.8951,19703839275.7197,19094961943.1539,19848555119.9785,20585483311.0818,21609373912.3251,22392724309.6224,23677701100.2219,24501172141.7596,22312574852.1937,21892436565.2856,22359891187.7121,22304207642.2044,22805456794.376,22962710238.6528,23858417931.9814,22991250942.6152,24292314885.7641,23488620494.7835,23519233476.9038,25186720627.6625,26972900729.6627,28389268493.8593,29989972997.37,31284003482.1141,32497590563.2739,33232683864.8617
GBR,1532481139970.51,1515332920400.61,1520786185584.09,1558912503228.02,1619477419661.55,1660067562059.29,1702378275303.19,1755614682070.6,1811632473192.07,1871114675470.54,1941187217333.24,1994106064500.39,2041909737913.92,2112687207515.65,2166093344479.0,2230471713750.71,2286300611664.18,2344734319648.09,2330028024040.39,2229190524953.86,2271883131066.39,2306167251137.31,2336447656055.53,2381099002786.65,2454210261787.93,2508061255926.25,2553357303436.17
GEO,38447233331.4563,30334866881.1775,16714511679.3211,11817159511.5217,10588175716.7441,10863467779.4984,12080176463.0891,13350895136.2664,13765427536.5405,14160392955.5388,14420709376.3996,15113689663.1237,15940988563.9094,17703759358.0732,18740726925.8081,20539769394.7741,22467072707.7767,25240408135.8443,25824483151.4717,24881863345.5275,26436835046.9026,28345977228.4492,30146083609.0846,31167144651.2493,32608105117.4224,33547322404.5671,34467865184.6218
GHA,28080358687.2128,29563514454.7265,30710407126.4204,32199862045.2131,33262457361.0839,34630348990.7511,36224197312.8971,37744294161.2169,39518423483.5185,41257232875.8817,42783750539.5858,44495100561.1693,46497379952.6225,48915243702.690994,51654497345.0631,54702114730.2629,58203002164.1021,60732981409.8618,66289927192.524,69502175404.3601,74992666759.0686,85526138706.1051,93473665296.56699,100308950459.43599,104307130433.746,108391688811.289,112268478191.048
GIB,,,,,,,,,,,,,,,,,,,,,,,,,,,
GIN,6789712120.48703,6967156019.00879,7195048020.726029,7557976642.75212,7858035805.864459,8220108415.908859,8586854724.94403,9031791486.38744,9360920918.501871,9717759601.58452,9961001009.63036,10325408938.5449,10858675985.9656,10994257551.1354,11251536075.4872,11588775279.0239,11878115542.2056,12086895082.6893,12683616959.4914,12648078443.1445,12892972741.6549,13396928289.8999,13925318144.7225,14245600355.981,14302582558.1215,14316884358.01,15061362228.9136
GMB,1390765032.7376301,1433976648.25898,1482426258.66871,1527078435.78355,1529435424.0457098,1542922722.43727,1577230312.61568,1654514583.60982,1712422569.42889,1822017602.1644602,1922228573.45655,2033717835.24995,1967621999.3553698,2102797626.8322,2251044858.14457,2229847310.9530897,2254913017.92387,2336789485.34106,2470795995.35312,2630154822.3158603,2801762761.47413,2680483729.05378,2837619858.71151,2973283849.90827,2999373245.3576303,3140820062.3796897,3191878148.57026
GNB,1589637535.05532,1670709049.7053401,1689086848.77076,1724557672.58958,1779743518.46511,1858052233.42055,2073586292.42823,2208369401.43606,1587818047.2832,1604101715.33848,1691156112.7816,1728173944.18162,1711148362.89078,1720876415.46179,1768396731.0520601,1843826370.76673,1886414152.65903,1946874624.8902898,2009318237.78345,2075860381.09232,2167859223.58744,2370210330.3228803,2327594220.9133897,2346686834.06485,2406317909.09483,2521743680.99079,2662299320.48388
GNQ,426634512.613764,422273288.714666,568993494.2758349,631771758.668961,737080754.1212901,865968638.707657,1442530534.29905,3605936325.8061204,4463229020.41453,5608672805.382771,6630224128.66146,10832451921.8094,12940754061.3725,14746668683.4645,20350215036.8007,23758611625.8602,25589193076.1019,29499762713.0689,34750457672.4565,35217280130.7294,32074428108.711002,34166939303.2501,37007193180.7025,35477614647.9406,35231210754.5856,32015040167.1654,28914378961.764
GRC,210932233836.983,217471133047.767,218993431004.96698,215489536103.23398,219799326839.432,224414496752.446,230837528799.62,241188743298.647,250582815172.05603,258282214391.333,268406285140.34,279495791631.05,290460053341.344,307290851942.921,322842819111.997,324777106214.375,343134916881.389,354368285438.423,353180540193.81604,337991185797.721,319472523306.922,290296713794.743,269103619809.722,260380827733.851,261299579486.28302,260726948831.026,260757589615.855
GRD,697239056.236984,706899648.453722,700882863.322536,687153850.4422519,698791182.565964,713671774.75598,745346183.354201,782729028.129558,874644820.700364,935068908.769006,980774641.896593,960924743.5198711,993954835.830066,1088022457.40683,1080978052.56727,1224456959.88169,1175261845.05286,1247547303.1791198,1259387162.6998,1176092442.3557599,1170079476.22561,1179028540.5717402,1165407280.7136,1192821166.8176801,1280574279.73681,1360337543.87614,1385568773.30773
GRL,,,,,,,,,,,,,,,,,,,,,,,,,,,
GTM,47252664594.3818,48981284604.6063,51351165106.2767,53367793139.2201,55520511946.5998,58267970856.3876,59991409185.6979,62609488234.0694,65735910449.0737,68264811785.9957,70728399242.464,72378191607.1097,75176785982.0769,77079352524.89099,79508956793.9798,82101037074.5126,86517889594.4109,91972026249.6866,94989768488.7946,95489105564.6527,98229550167.3647,102317810920.593,105356675905.91801,109251899051.91199,113812511011.415,118524399452.53099,122159209941.93599
GUM,,,,,,,,,,,,,,,,,,,,,,,,,,,
GUY,2109036814.4124103,2235254441.5988,2410307201.48211,2608285930.1638103,2830598208.78965,2971740712.6346602,3206016902.88965,3405653919.78257,3347466036.40098,3446881793.45595,3399427623.38584,3475914721.00759,3512446611.4323397,3477137557.48461,3591671853.5082703,3521386026.3360796,3702019373.36505,3961912737.3921795,4040225768.94759,4174305677.8558702,4356759128.10434,4593641613.95101,4814892475.08514,5066308147.15104,5260900751.00512,5427905649.62325,5605078145.57693
HKG,153874681579.693,162648499532.19598,172789468950.612,183504280278.568,194580634819.83102,199199557106.47,207682543767.51,218273690697.58398,205433448446.87302,210583198939.44,226721158467.006,227992669614.663,231769891928.36603,238853629776.48,259634136541.53198,278816293183.761,298424513594.714,317717137248.49,324477946458.12897,316498741507.565,337918262460.355,354187869989.884,360210114356.836,371382272147.052,381641366319.70294,390779008515.25,398772877228.409
HND,15716671882.6764,16227783367.5232,17140481908.033,18208339421.9602,17971037930.9253,18701196909.9343,19373551640.1713,20341012293.4667,20931224139.5832,20535721355.8931,21716145048.1263,22307517649.2782,23145017230.2788,24197429970.8015,25705487115.2829,27260823118.7326,29051107767.1585,30848885361.3642,32154286828.2783,31372414225.1852,32542963029.3315,33791210423.4101,35186343988.2885,36168591807.1898,37274656482.8466,38631714480.8556,40026135401.4344
HRV,,,,,,58943867068.6023,62406051958.698,66553229982.8919,67792371866.1676,67158174232.7339,69688355875.8084,72081735812.2415,75863485721.9864,80079907732.2558,83349418763.9721,86819955950.198,90974395788.6618,95659581701.9417,97623822549.9877,90415491336.7103,88877298004.4876,88627319350.0855,86688659512.0627,85766360575.5272,85344598041.9172,86745480176.2967,89286504946.3253
HTI,,,,,,,13676750532.9059,14046667398.3392,14353143350.7248,14742148990.6816,14870414490.9602,14715111690.1481,14678108403.0387,14731507410.8008,14212532884.6133,14469070644.6987,14794512150.9456,15289133971.0025,15418165750.1478,15893545989.103998,15019751835.594,15849403538.3438,16306674053.9112,16997107258.1096,17474751212.4895,17686408604.5962,17941076589.7513
HUN,,156366429721.515,151575080315.792,150701843368.106,155143259612.042,157454157987.124,157462949755.516,162668457844.177,169531334484.118,174964727618.854,182317329805.702,189198170492.19397,197717884973.615,205286025679.89398,215561390272.84802,225009217125.445,233685000521.175,234732723001.28897,236819976997.37198,221275979817.10898,222774235380.87698,226649222435.243,223017140533.10898,227738740862.85397,236956059157.09,244415634537.307,249192418736.04102
IDN,839213745925.895,897220056000.9159,955516987609.856,1017591270785.25,1094317358472.94,1184270326308.34,1276858795913.07,1336869612456.4,1161382408238.18,1170570407381.49,1228163264451.2,1272910980908.49,1330185297242.0,1393773064452.43,1463892030404.63,1547225128046.56,1632337236348.95,1735909396809.54,1840301842699.8,1925487044368.68,2045326550276.98,2171518784772.08,2302462467434.46,2430416378087.98,2552099267504.09,2676546124965.59,2810789858954.82
IMN,,,,,,,,,,,,,,,,,,,,,,,,,,,
IND,1526960115317.82,1543097509787.12,1627696226271.91,1705024431518.61,1818560713743.13,1956307446617.12,2103999312555.69,2189207515379.8,2324597211309.11,2530225398401.64,2627411132203.84,2754156558837.62,2858923994645.01,3083646326717.37,3327961880409.66,3636957304293.0,3973883747260.26,4363378412691.4,4533155593203.42,4917557391217.41,5422096963234.59,5782035485242.57,6097525749691.16,6486920231890.15,6973777881613.81,7532381161635.04,8067710079500.23
IRL,77718489031.1873,79218175730.8044,81866656629.3582,84071005656.4666,88909987313.2239,97475951042.4297,106338287087.78801,117766598629.85,127456323795.738,141301866629.154,155308259892.4,164707367643.58,173893052027.745,180280337153.61603,192404015592.728,203498263142.083,215435733702.529,223615031098.145,213835269446.347,204073444921.553,208223373128.34802,208138910636.39398,205843383487.482,208105279909.346,225715901913.92,285025147973.04,299885631529.662
IRN,571447256197.006,644113337565.114,665356078979.6179,655568614660.414,644435183876.5071,659908359751.442,701816011837.316,711293330168.0859,726088315227.8159,740629658561.797,783923368746.8109,802676169657.596,867523007073.4741,942470908318.9291,983342723557.3,1024728573930.83,1083181673259.42,1181926327464.0,1192843731216.87,1220454611735.15,1300728480350.89,1349501772422.72,1260317420786.05,1236225507334.8,1289919026344.15,1270570240948.99,
IRQ,201273168342.971,72363526905.4928,95948400423.6294,125011007311.44,129829597153.16301,132582012522.989,147193591925.978,178454472964.994,240658518378.15698,282971739254.61896,286951665491.182,293566810971.545,273310171938.368,182842214621.587,281865489119.67,294269310291.932,324161774139.969,328627420735.618,355667236886.308,367686296601.58295,391227650166.62,420751532114.54706,479389275592.69,510895507236.37,514471775787.024,539166421024.829,598474727337.514
ISL,7419631789.4872,7403047019.93745,7153276050.06194,7247230716.106171,7508772976.712159,7517526982.972209,7877245342.06822,8264269342.28442,8806996539.96345,9159613178.3321,9588330169.92215,9955922154.7111,9987253632.08672,10230956621.8626,11059641083.4736,11801122780.2953,12391256939.581001,13549848051.407,13755719769.6419,12800530678.6293,12344849083.0862,12590157375.6909,12743446994.2582,13305628670.927,13561781179.7473,14117339576.6558,15133743482.2441
ISR,92082341231.5166,99172109700.1765,104753312824.511,110574320497.37,118239139853.63301,126042923101.994,133804011113.77301,139266108918.014,145187438139.482,150613219851.81302,164081088709.30402,164477475213.765,164365178581.60098,166299977399.971,174804644241.336,182478419046.53,193065467244.27698,204910186162.613,211179222840.965,213858373186.56,225656988690.29398,237080149048.244,242726924660.504,253349451706.14102,261363014023.971,267917569941.323,278743910530.93396
ITA,1766345083989.29,1793519376628.72,1808482268854.09,1793059427927.4,1831628560212.02,1884504686461.97,1908746322251.52,1943778790156.22,1975191677994.28,2006001723062.22,2080426553203.84,2117295580692.52,2122558040655.3,2125769978153.56,2159398299282.71,2179905345629.11,2223647056633.91,2256420756935.67,2232719194069.09,2110320323140.07,2145911366651.92,2158285220782.75,2097442747589.48,2061195636901.32,2063538629659.84,2079701171243.38,2098000265296.64
JAM,17663482175.9599,18518083615.7696,18880212611.5153,20658181598.0258,20943964775.6837,21436138950.6946,21411759371.3214,21167566847.7264,20673398665.8358,20889988461.8513,21073549531.6345,21356973929.4627,21783534835.6835,22582188405.6958,22881114501.7012,23085625430.8386,23754906649.8152,24095065994.4899,23899232640.4237,22863720930.3497,22527855029.2734,22917372413.292004,22774836855.9215,22889540026.3498,23048535597.5033,23278214004.7034,23598300057.8555
JOR,22371971893.8017,22780013484.6788,27031865540.2863,28283688252.2005,29694037395.1854,31531012205.5508,32189174003.3448,33253957439.1128,34249560415.1328,35417290436.3786,36920842044.6552,38866059646.7923,41114259358.9578,42825044372.0484,46493993496.4471,50281665400.9107,54351127095.275,58794722532.0399,63046997030.4496,66499816922.2496,68036888685.5277,69797089967.4539,71646980625.8193,73674024717.3983,75955215849.7031,77771833686.5142,79329860656.8634
JPN,3761362839187.45,3886403357739.41,3918234161673.02,3924936799592.28,3958831699874.43,4067389350739.8,4193475571301.41,4238618826685.79,4190775146112.91,4180215385593.12,4296406250729.29,4313860377278.02,4318955080207.41,4384959166692.99,4481635691164.15,4556154212683.66,4620850891385.6,4697292837736.07,4645928926811.58,4394253393699.68,4578473198942.76,4573186804907.29,4641557252954.93,4734411121784.47,4750302872767.87,4808229877713.75,4856241055368.74
KAZ,213349353351.39102,189880924479.12698,179817235483.756,163274049815.594,142701519544.77402,130999994937.481,131654994914.885,133893129827.77301,131349160361.816,134895587688.75,148115355285.137,168110928246.31302,184585799216.98898,201752278544.495,221120497284.025,242569185518.86603,268524088369.385,292422732234.24396,302072682398.591,305697554585.648,328013476070.896,352286473300.142,369196224017.551,391347997458.74,407784613352.67206,412678028712.16705,416804808998.372
KEN,55707556394.9901,56508824244.7893,56057039608.1261,56255031534.0257,57736105295.1817,60280083108.0542,62779801264.66,63077943746.5419,65153342907.9358,66655380645.1952,67055109891.187004,69589730346.0583,69970288418.3532,72022150015.8219,75698376457.5261,80169626784.1254,85358601306.9567,91206288418.4869,91418144889.4453,94441287921.2466,102376506594.919,108633362952.274,113590520754.139,120269375150.471,126705999506.456,133945198438.599,141779204859.879
KGZ,15257961984.1427,14060049357.875,12107290037.8277,10235584762.1208,8179751331.719979,7736096175.413559,8284160096.072959,9105548496.40211,9298753247.03043,9638696098.949492,10161756699.5565,10702523147.6749,10700665921.0999,11452954424.2289,12257737465.2498,12236219224.1571,12615896710.324,13693656983.311,14844145453.5681,15272591237.1255,15200570760.0957,16105958461.3669,16091761027.9377,17848252275.5774,18566472841.7351,19286076944.371998,20024055233.9045
KHM,,,,10118108201.9002,11038801866.6065,11750021140.6799,12385972161.8757,13082038149.0725,13737321724.3123,15373403487.2464,16721262254.0945,18083775263.0964,19273495897.3977,20912879328.6363,23075381633.723,26132889755.9002,28947685176.9163,31903988921.5689,34038869057.7455,34068379722.2267,36099903974.3678,38652011936.3175,41478767113.8797,44559768497.225,47710823823.1319,51067798981.2789,54582580284.2769
KIR,142008673.09063,142008673.09063,143254363.20546,144500053.32029098,146991433.549951,146991433.549951,149482813.77961102,151974194.009271,161939714.927912,159448334.698252,169413855.61689198,166922475.387232,173244601.85801798,176720450.985428,173841038.284999,182449006.116498,179564486.086597,183518804.787114,180128410.00158,180650105.021671,177745903.087956,178593470.642087,187858540.009159,198720833.241466,203507397.5077,210624149.70273602,217100243.471715
KNA,584997081.621226,572429240.180498,596913624.614409,638729649.813242,672666340.856919,711363643.585559,753235643.7292769,805181285.121542,799808200.434859,826909700.429675,915342093.5615891,965354341.709785,990281444.308073,954480784.674812,988905822.076101,1075647068.31917,1095138109.51455,1093204762.96945,1161988279.80985,1126895750.78125,1101550703.75514,1127973937.8745198,1121199885.7461,1190937335.5025802,1261953602.36549,1309439800.2272801,1356177795.40891
KOR,498681159514.613,550314364187.995,584299059042.141,624304519324.385,681778876858.01,747029234218.773,803762437311.249,851362739542.793,804782817379.0641,895792660042.1991,975737013407.482,1019892106470.17,1095694910214.91,1127834029471.1,1183096097461.14,1229516971566.77,1293158661236.75,1363809044893.02,1402394246432.22,1412316325213.73,1504071601637.97,1559446833866.66,1595195559499.74,1641395692018.0,1696242071623.01,1743571231387.8,1792874584089.0
KWT,,,85650014203.8394,114762854078.79901,124444438688.83801,130490311932.616,131279944014.18599,134526924013.179,139453374098.59198,136958540039.19301,143388170990.257,144433508630.689,148766513903.242,174532874678.65,193316441769.24103,212794911701.409,228797619409.869,242506397704.744,248520177652.617,230934634860.825,225468269003.663,247177337169.86603,263556266778.465,266584630667.39603,267917846910.193,272866287565.974,
LAO,6867969079.73751,7163055742.08685,7561311453.18061,8008378269.24225,8661783336.23202,9270815351.911058,9913127451.44602,10594366617.9295,11014709565.0845,11819485669.2883,12504871915.3201,13224078729.5351,14006778053.8166,14856569601.0301,15801105055.0593,16924179399.9333,18382919476.0252,19779438397.1638,21327160218.7223,22927075773.5951,24882045862.6638,26882227109.4378,29039870809.0449,31370248384.4454,33758627417.2882,36213192162.3047,38756360360.7147
LBN,21246044463.9583,29362184105.3261,30683463878.807003,32830682284.8346,35458170393.1665,37775342549.926,39715674483.9997,38807461960.0979,40201675641.7086,40019532194.8335,40557421332.3742,42127504190.8706,43566202592.1444,44970112129.3459,47629540650.1541,48930914422.4785,49692513846.0546,54338516802.1746,59297539586.1074,65407588036.0923,70614315486.9164,72014278181.3865,73598592301.377,74260979632.0894,75597677265.4621,76580447069.9566,77931504461.6809
LBR,1835475593.7419899,1574375303.7502902,1021995005.48414,684988151.326732,535918633.748284,513055210.806804,575243721.207629,1186611650.6628,1545064852.80777,1880984322.5700898,2419245542.6329603,2489856480.7769604,2583543928.96426,1804728862.5702899,1852023681.99857,1949847123.39599,2106676486.7207801,2307545832.5839,2472464732.21384,2603507812.60831,2762320349.23904,2988830566.66257,3227771169.87093,3508712338.2912397,3533313381.3762703,3533313381.3762703,3476780367.27425
LBY,,,,,,,,,,113240031841.056,117406374145.144,115336642806.98401,114230738121.659,129099012224.358,134858932460.423,150867670769.863,160674894958.471,170881473616.78,175439490496.92,174053269693.44,182792988664.964,69322560014.4654,,,,,
LCA,1256515494.82445,1261257584.6735,1362570063.01773,1366789973.52081,1388580658.79164,1412145513.1168199,1453064332.3831,1440977421.93114,1532810784.74839,1573779106.2875,1570396303.2727199,1510995981.36254,1515711610.91742,1586989819.61604,1708374013.6421,1700019207.40882,1816180341.93246,1833622360.14914,1910217378.8182898,1903374544.1789398,1871043356.41378,1875503371.93071,1848335043.33363,1849490497.27979,1856366438.9379199,1892096824.9719,1905311589.63736
LIE,,,,,,,,,,,,,,,,,,,,,,,,,,,
LKA,62600781574.6614,65480409540.9741,68361541832.4565,73078531458.9196,77170869827.6602,81415333442.4976,84509089413.3419,89922234371.1768,94147161354.5595,98195998156.2579,104087790607.56801,102479209424.869,106542177723.794,112871069761.72699,119016968675.274,126445707990.36699,136141933974.233,145395264501.448,154046410898.05402,159497977900.526,172283271063.257,186763228839.86603,203841940568.03897,210763820905.572,221219222249.92102,231922612601.256,242080088677.35602
LSO,2213448624.7167897,2367650888.47728,2532353327.38834,2621232997.5890102,2777979426.3421197,2869401017.57834,3030002405.10108,3142221694.51438,3190538248.83834,3205726012.2003,3329965418.0202603,3448564877.2842603,3473526823.23747,3631911893.0866,3693377422.09111,3821394418.19165,3983043033.2426,4174596194.5319705,4452597297.41661,4548385353.75906,4845681854.53638,5166966179.70211,5471873584.88311,5589659173.85871,5716962258.16907,6037902630.53516,6188850196.29856
LTU,,,,,,33956647647.715,35705400884.4683,38666531445.0196,41553829402.4027,41082341829.6541,42656480422.0712,45439573001.0919,48511628720.6469,53624058135.5471,57136478466.1341,61551647227.2333,66110435728.8625,73440069583.7922,75370131866.7735,64204677440.2841,65257518356.6169,69205176325.1676,71859126925.3455,74379101244.1459,76978662855.7765,78347787020.0858,80148879853.1545
LUX,22001441204.933,23903287602.1557,24338244457.4062,25360608483.6527,26329617330.3327,26706710182.8191,27077513718.9217,28623563147.5396,30353757777.4358,32928060831.9574,35641266895.965,36543694836.0446,37939470223.0149,38557613098.3109,39950382217.2853,41217785214.6999,43352242437.3619,46974128599.1102,46373054426.7791,44351835227.9513,46509538067.72,47690524461.9649,47522406130.3068,49418641213.1347,52199393963.2532,54289591790.2447,56559164379.3881
LVA,,,,,,20555250976.2179,21040153961.6062,22928323928.4373,24423656315.165,25063299270.4018,26418436642.5864,28125414669.4945,30123170149.9161,32662764165.6432,35385383447.2811,39170569872.4682,43827710894.8663,48188301301.0068,46449226196.6459,39792009757.4481,38284031903.3419,40727127663.8694,42358358807.6155,43470925168.7645,44392473474.9168,45596454293.2407,46485751855.5013
MAC,13883170192.7288,14391210903.1062,16305108530.0688,17150621528.7165,17880034732.2387,18469361956.2764,18392073140.0092,18340602786.0726,17502252328.5876,17089490072.7465,18071591065.6596,18593623716.913002,20257165544.6306,22617805855.2759,28669320284.1316,30979989377.3628,35104780233.4529,40176525659.5415,41539907041.3247,42088757579.257,52721966362.092995,64148218365.2919,70073805326.2639,77922118162.6084,76986157260.4411,60405374180.9708,59114451064.4381
MAF,,,,,,,,,,,,,,,,,,,,,,,,,,,
MAR,98177236990.935,105261792966.61,103053675534.524,102290468575.19199,113120983797.726,107006287991.72198,120246043612.486,118369360776.752,126937589324.983,128310206811.44,130764618088.93599,140336545574.664,144717080193.755,153343900009.771,160699835050.49698,165989494593.682,178562587377.862,184868693270.54602,195818979327.39603,204129061598.184,211918050774.913,223034630236.893,229747886208.358,240167927438.529,246294874517.647,257398856511.314,260230243955.379
MCO,,,,,,,,,,,,,,,,,,,,,,,,,,,
MDA,,,,,,9575219567.91408,9012478153.32167,9160919478.68311,8561594535.561159,8273218247.34222,8447594196.366509,8962897466.07473,9662003449.339209,10299695667.9255,11061873130.8993,11891513626.2634,12462306264.715,12836175477.441002,13837397177.5482,13007153311.0369,13930661208.1436,14877946210.3745,14773800564.1212,16162537831.8084,16938339607.2362,16870586226.8704,17562280268.6055
MDG,19174383377.5745,17964569063.7014,18177656210.4238,18558761646.6129,18545472040.9712,18863010056.7757,19268360118.4349,19980035574.7513,20765717794.95,21733216613.0394,22767731871.9076,24137853996.5255,21078673520.3615,23141198987.0447,24357732651.851,25478894719.5946,26758599469.8959,28428490862.2468,30455019682.2432,29232597651.7321,29309511789.5579,29735787033.419,30636040392.1695,31326945612.8668,32365701438.7179,33354200458.3734,34755076877.6251
MDV,,,,,,,,,,,,2036041101.57392,2145845534.8051698,2458078632.53832,2781560013.61585,2555565509.4625697,3063818480.56712,3375469668.6791396,3803200939.6720705,3600727974.4314,3858783918.9491205,4194858489.01499,4299582711.56016,4501654227.81276,4771633126.29453,4907464510.43178,5108242765.35826
MEX,1074183425650.05,1119538143027.86,1160162361401.57,1207281495498.2,1264353975576.6,1191543845965.53,1261544266840.38,1349384191320.54,1412830109583.06,1450510474356.44,1527336382154.9,1518088476589.92,1520091095925.72,1541716994805.78,1607944751465.19,1656706860442.59,1738622968865.94,1794330587585.39,1819456426013.5,1733935808528.95,1822543370032.99,1896258212126.06,1972453164091.8,1999280048752.23,2044570418348.38,2098330398170.18,2146648767094.36
MHL,136480829.39956102,136600780.693354,146355170.440123,155145621.697084,164264640.570135,177756069.593621,159441980.25403202,149164874.920807,144922308.954375,141448296.896109,149780583.675233,157813857.847769,161942037.271152,162217554.263492,162127652.62371102,166586501.902353,169790809.041276,175826330.66649,172949979.86861798,169993489.629448,180937375.762807,183971648.851251,190778204.63778302,195278851.377561,193424305.446624,194651518.47713798,200331026.74653
MKD,19229894023.0612,18043261943.1551,16858685950.6588,15599464955.4513,15325200440.3632,15154366183.0706,15333961169.8988,15554767349.638,16080321814.9902,16778051468.568,17541307810.8134,17003272807.9277,17257306579.973,17640802281.7502,18465408946.0424,19337599922.5217,20330977296.1787,21647100439.4529,22831567382.9997,22749689765.455,23513797271.3011,24063994799.3044,23954218606.1032,24654943055.7948,25549829053.37,26531357369.0515,27169680152.9788
MLI,10765975955.3393,12030461771.6396,11643241811.1851,12012585022.726002,12466652814.4066,12581473479.0697,13469195248.4295,14119625965.2905,15188717115.3797,16054617319.921999,16044850498.0007,18511945131.2382,19086983210.4661,20827533225.0689,21152442464.4025,22534704375.6329,23585314406.4351,24409294915.3806,25574443982.5958,26771089018.8461,28220329132.2567,29134739169.0792,28891120637.587,29556652103.8294,31638432393.3785,33524899738.7937,35318302359.5528
MLT,5720445668.02241,6078344898.30489,6363475950.38477,6648607358.2314205,7024327123.62093,7469844592.61455,7752005703.74607,8159527104.429359,8577751926.09991,8982619662.4883,9590760431.92617,9649106181.27093,9936921493.58743,10189693779.6207,10234876158.6864,10622128281.624,10816376934.9303,11247566253.2586,11623967489.8852,11337753128.008001,11739413804.8996,11903317730.3757,12210600656.8211,12761433232.4295,13821351147.0593,14847855451.28,15596403723.6953
MMR,30184121260.0671,29987738263.4301,32884836400.0611,34870886572.7536,37478516949.959,40082543585.3328,42664947772.4104,45076192691.994,47720458236.5633,52943524418.5167,60221104519.1272,67052584851.1821,75116002450.104,85515059493.5204,97114887944.79599,110292358553.61699,124714299172.241,139669333592.17,153992850292.582,170239110005.914,186640693983.304,197076675497.923,211527658640.39398,229350981325.279,247678976353.73398,265744759763.32898,283018169147.945
MNE,,,,,,,,6220286931.09215,6525081176.59093,5911723707.2739105,6094986989.495729,6162031909.29181,6279110445.22171,6436088106.265579,6719276211.71081,7001015062.06325,7600739010.108729,8410818274.214129,8993065372.56518,8484335084.550891,8693366396.84609,8974027742.62282,8729596058.39438,9039410651.64555,9200647429.76758,9513732283.72143,9751575404.939209
MNG,11188351777.4608,10215687411.0657,9270075809.25121,8976326430.45974,9167915588.373291,9752501022.882092,9970478572.81803,10358999565.804,10704983583.6942,11033666082.066002,11160118751.3808,11489644754.5084,12033447166.3226,12876346167.2592,14244510220.2167,15277759335.2875,16584960297.494,18284589742.0966,19911985506.5822,19659382269.3244,20910733737.0491,24526362150.3039,27547965752.972,30757005096.2972,33182264406.3282,33964427182.7911,34295804785.4958
MNP,,,,,,,,,,,,,,,,,,,,,,,,,,,
MOZ,5014689189.77264,5260408916.88941,4985219536.0645895,5422280803.0521,5756231621.02662,5885016369.3189,7464867958.22473,8274211304.1758,9255482621.54994,9979536623.10767,10147043443.1955,11437845371.1583,12443696079.1552,13252611816.187,14287797989.3377,15533789398.9543,17064031608.4163,18331217003.1052,19591709145.1517,20836069044.5552,22229529470.2057,23811739934.0183,25525753222.8233,27348721677.8104,29384516058.2905,31322101896.6735,32527700833.5927
MRT,5698062617.165421,5799948940.6966,5908647285.68675,6255699793.6909895,6064229581.99973,6659724826.391371,7047242666.23472,6762203080.19039,6950043890.03697,7486088641.2647,7453868047.397671,7603601119.499721,7654165382.971041,8111750781.24257,8577967455.15086,9347361582.5058,11111124524.8606,11424217877.5457,11547595679.6955,11427260297.8526,11972763099.8592,12535969841.7305,13262439093.6617,14070155948.6876,14855206470.2334,15063179360.8167,15364442948.033
MUS,7820984990.57696,8167880574.37435,8699830018.50642,9141960855.36443,9520085421.07186,9928281613.704159,10483058486.3478,11079280073.3379,11751861964.5655,12058677170.777,13147167424.4662,13485519019.0748,13770510284.7886,14274078071.1304,15094233413.6508,15281611346.2122,16586394385.8188,17536299870.5288,18480973778.8718,19093632287.8724,19929399378.9063,20742028226.4255,21467194078.8355,22188578978.8102,23019446833.8431,23817914129.9842,24699176952.7936
MWI,7023399390.67396,7636558439.72927,7076571279.052741,7762421263.85602,6967535219.48676,8133121477.01317,8728196072.4046,9059205847.24938,9412084891.83066,9698426688.43315,9851281442.04086,9361183751.88291,9520323876.94092,10063519230.6387,10609012058.4365,10955791575.6412,11470713778.8228,12571902301.8889,13532362545.2508,14659352621.0006,15667046141.8357,16427533195.5102,16737323535.5758,17607664359.1505,18611301228.2862,19132417662.4927,19610728104.4664
MYS,190332982671.45102,208501150663.035,227026719628.25198,249490892820.28302,272474100613.32602,299255803717.601,329189467262.412,353295165775.594,327294707003.84,347382779298.087,378156961471.04,380114586679.68,400606519723.56104,423795625222.545,452543537530.654,476673788616.33203,503295290757.635,550744285231.357,569026760887.717,554654136772.771,593374302297.773,624786298313.787,658989508601.525,689915353684.602,731394213595.7329,767735621151.6641,800279561464.726
NAM,8091022452.72737,8751703991.959091,9380893971.71323,9232719080.19852,9392433989.498259,9758646323.54805,10070076368.2009,10495043687.5858,10840497029.744,11205743575.6226,11597068672.6808,11733676210.683,12295562223.4441,12816868771.6469,14389440641.4833,14753387382.4224,15796920343.8673,16842217483.7141,17288504578.0913,17339673542.8735,18386859674.9856,19322996884.943,20301065542.6926,21448961036.1072,22834308593.7594,24043436005.5197,24331957237.586002
NCL,,,,,,,,,,,,,,,,,,,,,,,,,,,
NER,7165510656.43485,7344949608.919479,6866320036.65645,6965843079.93695,7244794564.2919,7433576222.787729,7687737114.39585,7899454751.75209,8722756663.754221,8673145258.460741,8550896465.0998,9158381275.36572,9433052306.30258,9933004078.37751,9942937082.5389,10390369251.1897,10993010667.9179,11338913487.1794,12426051457.8366,12337494571.0586,13370049076.8363,13679084420.6116,15295085393.182,16100888419.3894,17235968520.7962,17857377170.5526,18750244587.8185
NGA,289764560510.884,287974248468.147,289223265804.596,295269124746.948,297955374983.979,297039254663.667,311872520371.029,320611988153.30896,329318656121.044,330880408931.07,348476938056.296,363848482985.796,377618867985.563,416718222527.21295,557301344581.464,576498519048.468,623834609859.568,666432522053.348,708219598550.843,757330491735.703,816703229268.353,856618673550.592,893275762114.417,941462775527.185,1000866424115.25,1027416343922.94,1011583276997.26
NIC,12448279822.4413,12424539408.8096,12472431923.1322,12423647440.8598,12838300571.8316,13597289064.0332,14459937564.3756,15033512818.5179,15591508924.716002,16688522890.098,17373017701.6415,17887405572.052,18022265688.1864,18476558875.2191,19458065188.9383,20291337042.8311,21063394946.3543,22132647020.7937,22893062122.8901,22139270242.6285,23115634004.1456,24575775913.5901,26172251855.7656,27461783341.8105,28775956036.2401,30172442923.4218,31591205825.6975
NLD,479797111402.096,491500008314.99,499885347031.22,506171666252.491,521159876980.6,537399406197.935,556566934191.018,580498574514.053,606768544316.393,637420630626.685,664439380911.065,678553829772.888,679257014978.114,681185579026.989,695018457596.607,710033400059.855,735016897712.313,762201299999.9,775151563338.64,745947080653.357,756410198215.739,768994037544.928,760865482934.042,759417257663.058,770198630775.042,785230682037.473,802048821361.558
NOR,181660744537.078,187264386726.97,193957971155.147,199476680890.72897,209561131786.308,218266197627.603,229240612098.63898,241355255856.21802,247689375710.20102,252676124622.86,260775114733.024,266213131315.91397,270040500944.3,272524446571.001,283313793063.569,290749988371.991,297713719443.322,306436034900.086,307613687096.148,302622552683.24896,304443995870.18896,307393388952.404,315843072659.791,318997414640.789,325118399319.471,330356144865.799,333917314802.422
NPL,22460809734.4256,23891147880.1099,24872215556.4101,25829758552.3852,27951932214.8617,28921431534.2213,30462447593.7009,32000378541.6591,32965634594.0893,34420267374.7943,36554323947.7626,38308844733.3331,38354917592.3182,39868033576.9544,41734895411.0866,43186927981.927,44640001747.3208,46162922314.0009,48981002138.8187,51201349523.8087,53667418823.385994,55503825716.8332,58157570334.6494,60558825273.2816,64185684029.7077,65934918627.1477,66304559491.520996
NRU,,,,,,,,,,,,,,,,,,39848315.1579577,53563822.5745324,58202288.045303196,66089179.27835339,73811384.0187438,81256407.3109864,109058272.86134301,148890823.420096,153071962.459577,168991446.55537298
NZL,80450547420.5883,79574677400.7374,80457662543.3044,85604021491.7883,89999024861.0182,94260975711.3702,97680497480.6803,99668459180.6868,100478870209.506,105959639373.82,109036212849.019,112794413907.789,118061729735.512,123442175807.486,128315314595.498,132551651004.07199,136268584420.06699,140203240177.305,138633646934.24402,138211720915.94,140322774032.0,143508208746.799,146731353474.036,150325906986.249,155443805581.826,159224063452.037,165507287525.884
OMN,63501354658.3353,67358476794.0401,73025940648.3685,77438869232.1387,80440225030.1256,84459678011.7347,87032269132.5246,92283371801.5886,94721810378.7354,94603591029.5065,99713483584.5288,104183094713.816,103036491776.696,100286479292.306,101582293491.644,104112158212.106,109705134458.988,114589968731.905,123985997600.628,131564584373.82,137884070518.232,136357813988.613,149082146017.219,155601984337.988,159556704409.81302,168575970634.963,
PAK,328953143449.091,345603329686.873,372235169145.803,378778124260.17,392934636785.54,412434447024.305,432423417741.505,436809903655.47705,447949579620.86206,464345128860.734,484126640027.63,493724373362.681,509644170039.42896,534343162148.067,573716619354.5,617705218216.3511,655864217731.327,687560936960.6279,699259136320.384,719059767225.284,730612842689.226,750693024684.963,777020079943.001,811181430791.264,849101793880.4009,889115357627.4291,940159694500.4929
PAN,19312621529.1018,21131678460.3573,22864831224.5898,24112277784.6068,24799513187.7379,25233920975.2496,26263390029.069,27960265112.2785,30012968388.221,31188638366.002003,32035526386.1151,32219497786.3711,32937718566.7971,34322912925.3062,36904709925.8733,39558630526.1618,42981427502.9703,48132315519.7374,52277300208.1599,53112879040.9583,56176084602.9852,62809393882.587006,68606670978.9496,73151285918.278,77579377622.2821,82061443521.0986,86067685520.3959
PER,115958151218.744,118531563045.09401,117890889131.158,124072588687.851,139343897238.567,149671223937.293,153860481202.496,163825754422.975,163184315068.281,165623774762.088,170086294377.68,171137244537.578,180470263692.452,187986891930.036,197307664032.792,209708569743.29102,225497316246.004,244706052052.742,267039317031.15198,269965597046.66,292460370024.87897,310964900334.817,330057289146.432,349373952099.962,357599378478.891,369225658142.909,383560832647.336
PHL,248421429896.965,246984722686.79398,247818550594.715,253063152372.195,264166610313.703,276526152956.234,292691521975.61896,307868637739.823,306093090990.74396,315526655884.349,329445207189.109,338979326483.167,351338167446.152,368800952295.30396,393501899212.424,412302095671.424,433918900933.80396,462629876187.425,481841771428.00604,487374907008.677,524572646173.04,543770720548.511,580115323633.749,621094861179.511,659262996146.07,699257508209.6539,747673384304.511
PLW,,248749993.56310698,232829992.75539,204191798.601701,219097789.532362,242979544.0312,268249444.66304103,274419186.31162405,279907432.824071,264792572.01947203,261316032.06660402,272598054.454544,290588306.370448,272140675.168546,291045685.656445,294704719.944426,286624352.558469,286471892.79647005,270463617.786555,245917596.104687,253997963.49064302,266804583.498575,275342330.170529,268634100.642565,280068582.792504,306291661.856364,306444121.61836296
PNG,6680584536.54496,7318373120.522759,8331900827.312921,9848497260.02443,10433705716.5213,10088094549.163,10868277100.3482,10443937218.1036,10050293386.0913,10236781991.646,9981390482.79595,9969284178.29171,9953442950.05745,10168845660.8538,10445557788.631,11108307125.4775,11363183472.4337,12175851359.898998,12980791818.9572,13778004849.6085,14835374636.6275,16418209555.3196,17746039336.5822,18728710649.0005,20327000424.5066,,
POL,391648076637.323,364171697198.52,373330537525.20703,387286791495.947,407785114777.31396,436133751278.775,462548538726.302,492427092117.632,515150866723.25397,539065255398.056,563644319418.359,570678631177.838,582329628335.469,603074955669.049,634046771739.2671,656198200769.411,696748650948.141,745763538890.8109,777455844036.244,799381824258.0121,828215210575.654,869763587028.928,883737532109.8309,896028779347.904,925441552087.749,961020141656.698,986762768346.3771
PRI,89398437644.4813,90161650521.0136,93821613858.4013,97435554355.2363,101316415948.669,105445252511.504,108496256392.795,111919872478.857,119469630932.66199,121938308150.61801,123782567145.19699,135974471720.56,138385663002.035,140036487053.33,142502413697.865,143312681168.62698,142037815704.817,137314061530.99901,134844044733.146,131660223766.556,128220560543.10901,125796598245.82199,122308888721.51,121602747285.265,,,
PRK,,,,,,,,,,,,,,,,,,,,,,,,,,,
PRT,201330836971.23102,210125383601.198,212414650216.096,208074430552.179,210082012246.447,219079363376.048,226739877367.052,236775861281.543,248121619454.381,257769117387.50302,267532107298.51398,272731069542.692,274827819009.73898,272260363336.333,277192584306.018,279318055511.198,283656013692.769,290724726932.707,291304060640.11,282628721932.12897,287994970166.18,282733725683.416,271344485394.571,268277869876.53302,270673842796.87698,274989572859.026,278835471280.57104
PRY,25436138176.8292,26324787857.6274,26771368932.7227,28092899923.5865,29586857834.4097,31605512284.2379,32102916501.9227,33464886317.7391,33487654195.2671,33030188982.992,32265822175.3373,31996706533.9344,31989858606.8284,33372060396.3309,34726104772.5917,35466981414.1533,37171921863.8843,39187243129.5966,41679205776.947,40026335228.2801,45266984771.214005,47232661525.6067,46647463724.8769,53195031260.9932,55707078172.8341,57357253470.3423,59704638992.2222
PSE,,,,,,,,,,,,,,,,,,,,,,,,,,,
PYF,,,,,,,,,,,,,,,,,,,,,,,,,,,
QAT,,,,,,,,,,,64156673602.4954,66657620466.6698,71445071915.3253,74102799038.226,88344553238.0004,94963997265.5768,119816308653.19199,141366058707.675,166336332189.353,186224437446.76602,222710146627.817,252498021613.775,264333258304.43698,275991080905.44104,286972440751.688,297162877140.175,303790151844.133
ROU,266349117357.08398,231941577053.04398,211606729116.977,214841845788.93103,223289304124.621,239228170108.75,248485830616.46103,236518387943.618,231581664566.76398,230651800445.08,236176129107.852,249383103780.496,262311603240.75897,276802425010.73303,299939208357.243,312452415119.551,337622207345.63696,360795776525.53204,391315433608.1,363661844702.094,360758130204.81604,364568798348.599,366905559255.894,379863207724.483,391548948357.455,406968020835.368,426576591004.38104
RUS,3060598667482.44,2906132105885.68,2483839905615.76,2268527241380.64,1983378902807.84,1901197034576.65,1832753941327.04,1858412496493.9,1759916634202.36,1872551298791.54,2059806428656.59,2164691447198.56,2267377263738.86,2432801806038.17,2607378427587.59,2773629752633.36,2999775767693.99,3255809035568.27,3426672380853.17,3158676273696.83,3300934386470.51,3441692056998.75,3562768782753.32,3608352767282.62,3634746359912.49,3531946979897.81,3524003243179.3
RWA,6258108458.87054,6100755853.08214,6459036481.55884,5935293115.27083,2952923047.83118,3993062974.5696,4502006632.6977,5125523408.23119,5579576586.8887205,5817833040.228001,6304049634.36809,6840564496.8675,7742580109.44463,7913594221.866321,8500407352.72505,9298473210.69293,10156896990.692,10938196759.2068,12158768071.3929,12923301750.4546,13865555977.7192,14945292138.4992,16266459987.404,17030993666.4657,18328688990.1362,19954999667.0875,21138685582.4768
SAU,693189460345.286,797222504473.355,829012072035.266,817706490932.462,822275182191.555,824019156684.619,845752037462.103,855087296658.379,879828072020.667,846717632241.677,894349022636.237,883520746682.335,858612755949.9259,955138529036.795,1031152671697.42,1088627576143.69,1118982891689.4,1139651963229.15,1210877621096.46,1185942403402.44,1245707895810.03,1370239542679.2,1444389300558.79,1483377046942.82,1537557122142.68,1600695504171.28,1628572096548.47
SDN,45183271339.9822,48576946468.1815,51772270671.9222,54137615868.6558,54682363849.3737,57961715692.2895,61392541955.933,67879729978.1642,70804330929.8085,73002165107.4278,77634785973.4331,82681326873.5433,87995482216.9944,94801573495.9229,98483009911.5992,105859129468.495,116513118306.14801,129937654974.45801,140075343173.136,144616372285.105,149633598838.509,146689215152.15802,147454286346.948,153934476283.923,158059014825.417,165813461495.166,173555017929.171
SEN,13917391811.2107,14273096050.0601,14450460283.5135,14638429040.0961,14635892397.4284,15420884517.5835,15731172003.8092,16222619058.6889,17179538230.4069,18272129890.4096,18854396726.1783,19718100881.5581,19847215734.1912,21173650439.899,22416707226.5894,23677110544.2693,24259939254.3146,25458012735.5706,26395510267.0345,27035119915.0239,28165015730.6687,28661034905.9366,29925324827.0412,30968287438.6834,32303346110.8873,34398281018.0818,36685604342.9651
SGP,104637620631.905,111634818076.099,119547048497.22198,133339654653.916,147907620101.558,158302635457.845,170225885339.261,184339513862.023,180237536172.07898,191223382575.642,208237567977.24103,206254542303.862,214941337125.037,224474690750.258,245910172870.23398,264326772923.73898,287746643387.203,313964756915.627,319577254419.308,317648962661.898,366059862222.32794,388844955527.56,403898939980.074,424098707424.581,439248646563.80396,447737740663.606,456675948119.544
SLB,559013424.570363,592577589.713447,667778336.651639,694332264.610426,758167922.356799,820516559.324775,833687325.67501,821684949.120169,836342710.851784,832306515.224281,713557324.401916,656625693.512172,638240157.534976,679725779.457378,713021269.551109,751675530.36168,803891798.578851,862736688.39363,923943500.8466369,880260630.548226,940959502.648925,1062611217.0264801,1112135401.37642,1145659464.62869,1162929436.60713,1206358336.7293901,1242422101.7432
SLE,5392787874.30149,5519624122.75691,4470182976.17807,4531627848.504311,4443379637.681621,4087920229.1215897,4159615048.8809705,3915151060.95575,3985037066.52817,3906161802.18139,4166028117.6168,3868560390.6115103,4884776140.351171,5343084642.59866,5685979059.74936,5932323215.21256,6260133495.45374,6764595182.84979,7129861455.60446,7461365284.690021,7861678217.3609705,8239839598.09827,9490793018.693,11456883708.9372,11978947819.8084,9524359831.33951,10102204029.4452
SLV,23803956802.5885,24655284550.0951,26515115872.6911,28469153527.2767,30191641934.2878,32122871740.0759,32670755934.0158,34058068128.2636,35334811838.1235,36553544280.3898,37340415063.9035,37978539007.4335,38867549287.7359,39761517796.0379,40497318831.1571,41940163178.9988,43580840824.0189,45254242773.8353,45830735943.332,44394833114.6896,45000976487.6231,45998522378.8336,46863782747.0187,47729191862.0438,48409559908.1291,49522384600.327,50694311370.2785
SMR,,,,,,,,,,,,,,,,,,,,,,,,,,,
SOM,,,,,,,,,,,,,,,,,,,,,,,,,,,
SRB,,,,,,56374587128.7931,57742322005.0349,61891011323.52,63395245512.4325,55694886607.0451,60016369486.9991,63012815187.5441,67496673583.9784,70476931198.9835,76852635985.6781,81110600159.9525,85088546950.7244,90099207334.8685,94934546560.0622,91976412963.5841,92513994943.4159,93810546883.4291,92858116180.4637,95246180025.6643,93501935676.3907,94210414011.4674,96828308253.9032
SSD,,,,,,,,,,,,,,,,,,,34431181839.3547,36167078722.6892,38153886954.9423,36383425753.1343,19617170973.6121,22192852779.8577,22941561619.7032,21484823398.0989,
STP,,,,,,,,,,,276900797.38319504,285733748.173198,292525289.264134,311754359.305723,323701494.294025,346664135.253478,378264812.52709,390572055.047405,422544954.549734,432797083.951981,461673241.858307,481978562.17599005,497122212.19540095,521057624.564654,553403223.54588,575391345.4102321,598406999.226641
SUR,4296800613.22478,4416342327.61349,4407446570.54526,4087703010.82403,4220437877.1832705,4266714491.82994,4321088531.64185,4568967422.46929,4640435268.36899,4600014403.022,4596854781.112921,4806153137.96811,5012815051.189429,5314092982.71754,5805967127.52466,6071341333.348761,6304610610.59633,6626870013.302521,6901448177.8532,7109437027.04877,7476911396.971391,7914263443.501221,8127184834.57495,8365591025.35249,8396008366.93445,8169111440.53928,7322358418.122509
SVK,,,61711899716.8496,62885244764.6972,66787607793.8549,70690338548.0783,75466988795.9471,80045980799.3515,83257276426.6318,83086541196.933,84092032397.8966,86880917906.687,90810361317.6689,95731116836.4731,100765459657.34,107568096372.995,116660706811.78099,129259569729.464,136536597873.784,129132843080.89801,135643355150.545,139467276321.22,141778456459.84198,143891871970.65698,147591119892.014,153245460822.683,158279803643.55
SVN,,,,,,36675420747.795,37965031527.4714,39906707659.8815,41217895026.271,43391872631.1127,45194993242.3199,46527958795.7851,48312913334.4512,49686006435.3226,51848239846.6964,53923728705.9279,56973654376.1001,60928563587.6141,62939285575.3855,58031735404.3469,58750026638.2386,59131529881.2443,57541238481.0834,56915809657.2816,58683774179.5408,60043268817.3717,61539503924.9098
SWE,264755858456.189,261721822874.638,258689532838.86398,253345999469.591,263701775577.47,274313943380.182,278477648400.279,286554844858.768,298666921237.675,312196988989.073,326980412839.039,332092458224.36,338978651763.079,347065801848.275,362060883277.64294,372264952385.367,389717206697.339,402986878421.322,400742049575.134,379964940714.511,402720761918.78705,413450885918.452,412267090797.33203,417384170200.757,428254217021.83203,445748230802.17206,459912928063.27
SWZ,4632608077.18808,4714159418.96888,4866247960.30205,5017399173.47476,5137851430.04031,5385786228.67535,5592711036.85294,5766241976.41384,5916397187.98612,6090982677.85649,6198194569.21043,6263570951.85986,6537921559.873529,6791606882.43134,7037728895.5147705,7459906511.83443,7906916549.693041,8257618012.13373,8325467877.22483,8455765523.76515,8776556525.534159,8973785938.44059,9398765040.67721,10043245609.8894,10469693394.6796,10622974560.0398,10387262813.8093
SXM,,,,,,,,,,,,,,,,,,,,,,1214600998.53945,,,,,
SYC,988148343.5952891,1015425448.37214,1088144804.0949,1155573326.5737,1146343797.0917199,1136879097.08024,1192785414.8587599,1335461110.02699,1447685229.25311,1474785992.10925,1497119248.8218699,1463117233.94719,1480862377.23571,1393682120.58042,1353955857.57944,1475889891.95732,1614713982.5559,1782990368.6188,1744711479.34902,1725428129.11537,1828176726.62899,1972370136.58509,2102748609.0603602,2229961158.36295,2303928636.1248603,2384515771.4296603,2491818981.144
SYR,,,,,,,,,,,,,,,,,,,,,,,,,,,
TCA,,,,,,,,,,,,,,,,,,,,,,,,,,,
TCD,6614722472.274321,7179298108.464359,7753745579.276509,6535644783.87217,7198155751.738959,7287164497.513959,7448536790.30378,7869631797.74639,8416695541.06809,8359222117.27662,8285687626.43615,9251644246.96025,10037220771.6753,11514866990.951,15387244429.6548,18054243761.3245,18171282565.5612,18765755998.1717,19338616642.4378,20154260616.3641,22885183257.3778,22904148162.6154,24938626546.7354,26360128599.7775,28178973531.0897,28686194919.727997,26678161275.347
TGO,5112873708.34015,5077085254.66435,4874982391.02692,4139063459.72726,4759195097.30229,5132593564.2868,5586120393.7050705,6389258014.634621,6242312966.809629,6397231657.891021,6347110652.51017,6243855458.3497,6186277681.45619,6492770478.53086,6630356525.815371,6708621715.48175,6980482743.28204,7140367481.7556095,7299274948.586941,7555501154.422759,7857394710.044641,8241131319.988979,8638382159.23653,8981135250.1421,9508482932.38876,10018697437.2813,10512843647.5161
THA,376300641272.53296,408505429743.14,441526508726.154,477957051358.234,516178822002.76794,558093893932.067,589639447765.7521,573403191485.7379,529631119214.53296,553847434238.803,578525081614.109,598450895670.551,635248922011.683,680919063113.322,723744027775.072,754053232928.616,791513970348.7191,834533487340.846,848934763916.236,843070888414.683,906415783926.717,914029309163.43,980232153084.976,1007016735035.33,1016226095855.79,1046115697765.95,1079904824229.01
TJK,19257428668.7304,17890151407.2943,12702007310.3579,10618878131.1623,8357057300.2117405,7320782163.7889595,6098211632.74194,6201880974.35865,6530580713.61541,6772212178.67419,7334305858.054409,8082405132.746309,8955304880.51522,9940388158.76911,10964248309.0613,11698852623.1307,12517772528.4093,13494158953.9223,14560197218.6095,15113484857.4058,16095861426.4997,17286955072.7244,18583476559.5105,19958653930.8182,21295734185.9823,22573478237.1413,24131048563.8885
TKM,30638649932.7967,29227659458.302998,24853451861.5166,25226253682.663998,20862146993.2166,19360063869.8988,20657186631.4784,18302267308.4614,19601728350.2973,22836013429.5441,24084929649.3187,25131141833.6894,25195774085.4105,26019380744.515,27320455794.4987,30883142515.0994,34270126251.2263,38060162142.2507,43655005977.1616,46317961391.909004,50579213834.4319,58014358231.6118,64453951973.0168,71028255139.6201,78344165398.0803,83436536078.0671,88609601314.9073
TLS,,,,,,,,,,1031548025.2888,1212127050.7704,1410514751.52599,1316771112.7074199,1286249927.97579,1292790181.84685,1373453312.9233,1294970266.47054,1443216020.88131,1648143975.5079598,1861792268.6293602,2055819800.13757,2221506231.53784,2350131224.33542,2417713847.6697397,2559419348.20945,2669474380.18245,
TON,340095442.781186,361912360.77313703,362824327.50898,376386872.66767997,395027533.325805,409690455.014733,409732308.560581,409193168.80551404,420318364.461197,436633881.668495,451347743.528355,467604335.34873605,483591150.77737695,493788065.074905,492052795.03587097,499837898.753915,495778104.806674,475125100.882479,489828361.67974,501093436.29128206,519007373.456783,533500127.439566,538245273.200066,521418839.845921,532184494.26811105,551908321.939257,571225113.2071309
TTO,14974890227.0352,15376524299.9944,15123241551.2814,14903428308.6483,15434869790.3229,16153695276.983,17306177012.6895,18608095570.1368,20119922205.5799,21734509270.501,23234485891.6293,24203021031.0831,26123944534.76,29896612153.5836,32273271332.4065,34277116487.2068,38804457830.8424,40649295468.1803,42027477868.3266,40182222585.8277,41517610649.3548,41395401723.1008,41931049507.5666,43043865355.6622,42795964865.3593,42548380978.4923,40374151468.9935
TUN,46226647876.4811,48031588284.0967,51780803831.2442,52914714832.36,54596562155.9829,55880493067.842995,59873758275.5258,63131455596.5881,66151514540.517,70156746972.3819,73461031497.0289,76249747293.945,77258198710.3167,80891197374.4194,85935405701.1303,88931574399.0828,93595319741.3615,99875210400.5413,104107698931.53699,107276163606.57901,111042209873.313,108913333410.658,113267324796.313,116523482078.004,119813125926.474,121190268051.476,122607914356.625
TUR,614716974384.086,619144651950.641,650322516353.88,700080416674.871,667399631192.719,719979155270.761,773111201226.425,831694967676.707,850892263107.602,822052928686.129,876637746767.2479,824369880674.021,877379160714.668,926584821566.055,1015947651508.56,1107483043639.19,1186221803039.24,1245894189969.5,1256425128569.84,1197317035818.93,1298937788904.93,1443295182244.23,1512428158484.74,1640853112763.78,1725630917991.58,1830163244650.84,1882806253171.3
TUV,21333030.907867998,22102975.1896254,22719397.6786864,23653321.917589802,26085708.2045186,24780265.288712803,23303024.176318202,25634077.957221102,29607672.770168103,29144670.538226396,28861792.4202024,29333425.176204402,31646710.2311008,30591755.5841986,30178099.6427664,29037448.9687241,29658542.0943354,31542027.051028002,34060109.3650969,32550275.332427397,31661839.032100603,34338316.846570596,34398222.8371069,34844776.3055454,35623858.7892491,36565093.5897095,37568163.55667271
TZA,36451878699.2521,37207157328.7133,37424566984.3451,37875832715.6963,38469597663.5882,39842928396.2657,41653537207.1804,43121940270.3179,44721122425.64,46885795731.1924,49199068982.4716,52149944939.5634,55885734164.5553,59734152418.3555,64410320105.0015,69674791879.0266,72922035020.5017,79094434073.7384,83497301398.9383,87991415201.5312,93586689055.5195,100984255978.622,106175870333.21901,113887487533.28801,121819902871.07301,130297806032.217,139363592654.934
UGA,13637995373.4145,14395462660.183998,14887550950.0953,16127131991.338001,17159854779.895,19137226683.3229,20873377815.8378,21937920473.4443,23014033714.3153,24867572109.0384,25648888181.9654,26978439627.9793,29334381984.7254,31233272410.2787,33359394144.297997,35471899500.8919,39297453190.9351,42603322346.9516,46313539991.9095,49433681067.9046,52233787625.1973,57164099631.6739,59366799303.9896,61488699448.6311,64714900231.0169,67946377418.9292,71104198259.2272
UKR,542995809985.35706,497326366082.62103,449090688889.827,385202567489.26,296860035262.927,260643110895.20898,234578799872.19397,227541435812.515,223218148567.82397,222771712276.40802,235915243299.818,257619445701.624,271015656803.621,296491128571.161,332366555154.708,341340452061.716,366258305176.14703,395192714090.52,404282146479.78705,344448388739.992,358915221129.055,378531847053.31396,379435331807.79297,379333910074.22,354477604622.423,319834600676.306,327215110107.906
URY,30604531161.9462,31687566913.3947,34200894298.9702,35109798832.5919,37666263589.2852,37121007147.6923,39191601245.6271,42541575173.8217,44463982190.8935,43601731252.6374,42760248081.7435,41116488571.3537,37937358709.8304,38242862158.1979,40156596308.7945,43152331442.5412,44920963130.4082,47859472806.4819,51293937809.5635,53470593074.1415,57643122503.8626,60618737167.7352,62763536418.5695,65674219673.7657,67801270531.878,68052637821.2615,69041736293.9089
USA,9251560141786.87,9244706166872.25,9573392093792.42,9836263723828.64,10233416979326.2,10511661109359.1,10910671280310.2,11400235991240.1,11907536342454.5,12465428188541.1,12975535505116.0,13102174374501.4,13336195938663.0,13710513079778.6,14229557848352.8,14705567303239.4,15097709758825.3,15366233131464.9,15321421898260.6,14896171302291.4,15273330534513.0,15517926000000.0,15863049462118.7,16129125392354.4,16511459482557.4,16940121414373.4,17213815512601.8
UZB,62986674498.5674,62676780057.5461,55656980692.7124,54376870133.6299,51549272891.0678,51085329431.8421,51953780034.0355,54655376594.4177,57005557787.9777,59456796774.5392,61716155048.0215,64308233565.0629,66880562905.6512,69689546546.6926,75055641629.0982,80309536546.8838,86172132712.7193,94721402573.4454,103246328805.335,111609281434.231,121096070356.98,131147044195.496,141901101820.769,153253189967.99698,165195479080.893,178411117405.57397,192327184565.917
VCT,599463920.616592,606272257.082065,644934862.521836,672351192.969682,663962017.868646,715534695.240599,724744522.4706169,750152785.629215,780830158.0799661,801997822.921766,815130043.169074,829063995.230257,881488285.24682,949272894.15673,988727374.323136,1013326959.3983301,1091235175.99629,1073976492.6036198,1145578638.88971,1121532241.48905,1083921367.41136,1079375927.09453,1094278255.28341,1114328563.05479,1127166923.02343,1145236353.1891599,1179601136.28218
VEN,287018846601.88696,314945458849.547,334032644174.545,334952530518.993,327082794258.62604,340008003115.676,339335340609.875,360954162379.544,362015566721.13104,340401578826.557,352951994981.06,364932019037.87396,332614926354.18,306819640805.661,362926541764.77704,400372989517.04706,439898408032.37,478405261853.99896,503654793696.135,487526242853.02795,480267994804.15796,500326029131.469,528474156265.56396,535572061140.563,,,
VGB,,,,,,,,,,,,,,,,,,,,,,,,,,,
VIR,,,,,,,,,,,,,,,,,,,,,,,,,,,
VNM,99100234612.8374,105007444934.11,114086438459.18301,123296329352.28801,134194468418.747,146997265074.051,160726835350.597,173829422209.232,183849741835.726,192625968991.962,205700102991.85,218438890912.423,232246022174.538,248268822701.405,266979380601.316,287128975835.916,307164706021.427,329064027510.377,347694879875.925,366463093253.073,390001890710.74603,414339189417.43396,436081087957.563,459724894293.841,487233244248.599,519776959707.55896,552059327768.1321
VUT,373812289.899578,385547459.715859,395540913.565013,398510397.844317,434601042.61633503,438998163.333952,449220038.769429,471291296.642901,491563731.62887,493209429.073814,522417511.13369805,504192935.72488,478422532.772211,498963274.955394,518845738.16059905,546359361.369763,592609554.748395,623268288.630118,663459877.3410691,685439080.994646,696605442.9173731,705126498.576747,717499705.2924321,731628322.616058,748682624.286249,742684971.375788,772396636.853825
WSM,594321522.062492,580652085.3155509,579490837.1736231,603249890.177088,587914696.273025,627150017.689025,672172903.5803139,676497830.615033,691346188.987416,706455137.233733,755333286.736156,807751648.070909,842840344.085509,880898624.0338881,921640202.5518949,959948104.7869221,978847639.2153449,1040736668.8520801,1051238603.71866,1000692190.18202,1005487093.99996,1063589611.1298699,1067866343.4524599,1047215316.67029,1059741554.7903801,1077065955.6686401,1147754249.24962
XKX,,,,,,,,,,,7829183283.009741,9941020748.991999,9871339334.15262,10461659798.5611,10734931613.4855,11382594701.0534,11895156555.0627,12761847532.9678,13099375256.968,13537112564.9748,13985133436.387,14631187629.7262,15042098338.5967,15559616423.4961,15749215617.5726,16391221429.5436,16948211232.7827
YEM,40115006976.1159,42639642472.2368,46139332973.5083,47985813567.6486,51211395541.5958,54114759714.1727,56622961140.4296,59584971678.2798,63164058953.7271,65548837262.1163,69601011053.782,72248387037.5168,75091528326.2722,77905506895.7779,81000456164.5499,85529797613.3848,88241442321.8446,91187319301.1396,94513440120.5946,98167546639.0082,105728712494.405,92285415711.8955,94493796674.5421,99051722973.8034,98864822047.4775,71086936232.9075,64135225016.1106
ZAF,364201163712.351,360492571929.34796,352788858978.33704,357140579801.512,368691016692.315,380178077924.753,396551313155.664,407047348688.101,409153250406.387,418801524931.325,436200820997.32,448133073914.401,464569684803.678,478270207850.641,500053358876.448,526441733358.89,555941763405.578,585742827829.501,604434183972.7329,595137376567.251,613228226032.098,633367849861.212,647385920661.183,663501190184.1,674778040606.044,683542403219.7671,685451929658.612
ZMB,18799289207.5903,18792496388.2537,18467212901.3105,19722479971.438,18021328909.9451,18543527351.9489,19696665221.0197,20447897509.2445,20369020532.7075,21316218636.9562,22146980516.5637,23324506297.3386,24375511881.9122,26068384840.1421,27901616662.2393,29920465760.2652,32285287950.4178,34981896042.8214,37701352195.4501,41177548221.5933,45418096902.1563,47945443548.245995,51588154703.0654,54198193616.0752,56743246685.4208,58400082026.6953,60327284733.5762
ZWE,26402686728.0871,27863225819.1202,25351197241.139,25617754561.6887,27983605108.6652,28027826411.1931,30931704509.3939,31760857978.3202,32677226037.7464,32409984854.0785,31418501959.7851,31870807450.1679,29036210372.2798,24101484779.5346,22701781819.2583,21405264027.9651,20664321873.1116,19909386613.7869,16391607725.0835,17819189767.8157,20571697288.551003,23931563004.0269,27188450136.3885,28621377854.6946,29412836430.7457,29831655629.6484,30038662976.2059
