,country_name,1980,1981,1982,1983,1984,1985,1986,1987,1988,1989,1990,1991,1992,1993,1994,1995,1996,1997,1998,1999,2000,2001,2002,2003,2004,2005,2006,2007,2008,2009,2010,2011,2012,2013,2014,2015,2016
0,Afghanistan,,,,,,,,,,,,,,,,,,,,,,21.229,22.203,23.116,24.019,24.861,25.631,26.349,27.032,27.708,28.398,29.105,29.825,30.55,31.279,32.007,33.4
1,Albania,2.762,2.817,2.877,2.935,2.996,3.059,3.12,3.182,3.246,3.309,3.306,3.248,3.217,3.201,3.137,3.141,3.168,3.148,3.129,3.109,3.089,3.06,3.051,3.04,3.027,3.011,2.993,2.97,2.947,2.928,2.913,2.905,2.9,2.895,2.889,2.881,2.876
2,Algeria,18.666,19.246,19.864,20.516,21.175,22.2,22.8,23.4,24.1,24.7,25.022,25.643,26.271,26.894,27.496,28.06,28.566,29.045,29.507,29.965,30.506,30.954,31.414,31.885,32.366,32.855,33.351,33.858,34.591,35.268,35.978,36.717,37.495,38.297,39.114,39.963,40.762
3,Angola,8.872,9.111,9.352,9.597,9.851,11.101,11.418,11.71,12.027,12.357,12.686,13.067,13.459,13.863,14.279,14.707,15.148,15.603,16.071,16.553,17.05,17.561,18.088,18.631,19.189,19.765,20.358,20.969,21.598,22.246,22.913,23.601,24.309,25.038,25.789,26.563,27.36
4,Antigua and Barbuda,0.068,0.068,0.067,0.066,0.065,0.064,0.063,0.062,0.061,0.06,0.06,0.061,0.062,0.063,0.065,0.067,0.068,0.07,0.072,0.074,0.076,0.077,0.078,0.079,0.079,0.08,0.081,0.082,0.083,0.084,0.085,0.086,0.086,0.087,0.088,0.089,0.09
5,Argentina,27.95,28.45,28.93,29.34,29.84,30.35,30.74,31.09,31.47,31.86,32.53,32.97,33.42,33.917,34.353,34.779,35.196,35.604,36.005,36.399,36.784,37.156,37.516,37.87,38.226,38.592,38.971,39.356,39.746,40.134,40.788,41.261,41.733,42.203,42.67,43.132,43.6
6,Armenia,,,,,,,,,,,3.51,3.51,3.45,3.37,3.29,3.22,3.17,3.14,3.11,3.09,3.08,3.06,3.05,3.04,3.03,3.01,3.0,2.99,2.98,2.97,2.966,2.968,2.97,2.98,2.985,2.99,2.991
7,Australia,14.802,15.039,15.289,15.484,15.677,15.901,16.139,16.395,16.687,16.937,17.17,17.379,17.557,17.719,17.893,18.12,18.33,18.51,18.706,18.919,19.141,19.386,19.605,19.827,20.046,20.312,20.628,21.016,21.476,21.866,22.172,22.527,22.942,23.322,23.673,24.013,24.386
8,Austria,7.54,7.556,7.565,7.543,7.544,7.549,7.557,7.567,7.576,7.594,7.645,7.711,7.799,7.883,7.929,7.948,7.959,7.968,7.977,7.992,8.012,8.042,8.082,8.118,8.169,8.225,8.268,8.295,8.322,8.341,8.361,8.389,8.426,8.477,8.544,8.63,8.74
9,Azerbaijan,,,,,,,,,,,,,7.459,7.487,7.597,7.726,7.763,7.838,7.913,8.016,8.139,8.234,8.328,8.423,8.518,8.613,8.707,8.802,8.897,8.977,9.049,9.122,9.195,9.268,9.342,9.417,9.492
10,"Bahamas, The",0.211,0.215,0.22,0.225,0.23,0.233,0.237,0.241,0.246,0.25,0.254,0.259,0.264,0.269,0.273,0.279,0.284,0.288,0.293,0.298,0.303,0.307,0.312,0.316,0.321,0.325,0.329,0.333,0.337,0.341,0.345,0.348,0.352,0.356,0.36,0.364,0.368
11,Bahrain,0.353,0.367,0.38,0.393,0.406,0.42,0.435,0.45,0.467,0.484,0.488,0.508,0.516,0.53,0.544,0.559,0.574,0.589,0.605,0.621,0.638,0.661,0.711,0.765,0.824,0.889,0.96,1.039,1.107,1.178,1.235,1.195,1.219,1.243,1.268,1.294,1.319
12,Bangladesh,82.498,84.764,87.061,89.4,91.804,94.288,96.852,99.477,102.133,104.779,107.386,109.935,112.431,114.898,117.369,119.87,122.401,124.945,127.479,129.967,132.383,134.73,137.006,139.186,141.235,143.135,144.869,146.457,147.97,149.503,151.125,152.862,154.695,156.595,158.217,159.857,161.513
13,Barbados,0.25,0.25,0.25,0.25,0.25,0.25,0.25,0.25,0.25,0.25,0.25,0.25,0.25,0.25,0.264,0.264,0.265,0.266,0.267,0.267,0.269,0.27,0.271,0.272,0.273,0.273,0.274,0.275,0.275,0.276,0.277,0.277,0.278,0.278,0.279,0.28,0.28
14,Belarus,,,,,,,,,,,10.19,10.195,10.217,10.24,10.228,10.177,10.142,10.093,10.045,10.019,9.99,9.957,9.9,9.831,9.763,9.697,9.63,9.579,9.542,9.514,9.5,9.481,9.465,9.464,9.468,9.481,9.498
15,Belgium,9.855,9.863,9.855,9.858,9.853,9.858,9.859,9.865,9.876,9.928,9.948,9.987,10.022,10.068,10.101,10.131,10.143,10.17,10.192,10.214,10.239,10.263,10.31,10.356,10.396,10.446,10.511,10.585,10.667,10.753,10.84,11.001,11.095,11.162,11.181,11.237,11.311
16,Belize,0.15,0.15,0.153,0.157,0.162,0.166,0.171,0.176,0.179,0.184,0.189,0.194,0.199,0.205,0.211,0.217,0.222,0.23,0.239,0.243,0.25,0.257,0.265,0.274,0.283,0.292,0.301,0.312,0.322,0.323,0.324,0.332,0.341,0.35,0.357,0.366,0.376
17,Benin,3.653,3.78,3.896,4.023,4.149,4.287,4.424,4.561,4.709,4.848,5.001,5.183,5.378,5.582,5.787,5.986,6.176,6.361,6.546,6.74,6.949,7.175,7.415,7.666,7.923,8.182,8.444,8.708,8.974,9.241,9.51,9.779,10.05,10.32,10.59,10.859,11.128
18,Bhutan,0.413,0.424,0.435,0.445,0.456,0.469,0.484,0.501,0.517,0.53,0.536,0.535,0.528,0.519,0.512,0.509,0.513,0.521,0.534,0.549,0.564,0.581,0.598,0.616,0.634,0.65,0.666,0.679,0.692,0.705,0.717,0.729,0.742,0.754,0.766,0.779,0.791
19,Bolivia,5.161,5.587,5.703,5.822,5.944,6.068,6.195,6.324,6.456,6.591,6.728,6.869,7.012,7.213,7.419,7.567,7.717,7.871,8.026,8.183,8.34,8.496,8.653,8.81,8.968,9.125,9.283,9.441,9.6,9.759,9.918,10.078,10.239,10.4,10.562,10.725,10.896
20,Bosnia and Herzegovina,,,,,,,,,,,,,,,,,3.645,3.756,3.654,3.725,3.781,3.798,3.828,3.858,3.889,3.919,3.92,3.916,3.911,3.904,3.897,3.89,3.884,3.878,3.871,3.863,3.854
21,Botswana,0.98,0.998,1.035,1.073,1.113,1.154,1.197,1.241,1.286,1.333,1.382,1.424,1.465,1.506,1.546,1.586,1.624,1.661,1.696,1.728,1.758,1.784,1.808,1.83,1.852,1.876,1.901,1.928,1.955,1.982,2.007,2.031,2.055,2.079,2.104,2.129,2.154
22,Brazil,118.563,121.213,123.885,126.573,129.273,131.978,134.653,137.268,139.819,142.307,146.593,149.094,151.547,153.986,156.431,158.875,163.366,165.853,168.357,170.89,173.448,175.895,178.288,180.627,182.913,185.144,187.322,189.445,191.514,193.528,195.488,197.394,199.245,201.041,202.783,204.47,206.101
23,Brunei Darussalam,,,,,,0.222,0.226,0.234,0.241,0.246,0.253,0.26,0.267,0.274,0.281,0.287,0.295,0.302,0.31,0.317,0.325,0.333,0.344,0.35,0.36,0.37,0.383,0.39,0.375,0.38,0.387,0.393,0.4,0.406,0.412,0.417,0.423
24,Bulgaria,8.862,8.891,8.922,8.948,8.963,8.96,8.94,8.903,8.852,8.789,8.718,8.639,8.553,8.463,8.377,8.297,8.225,8.162,8.105,8.067,8.15,7.891,7.846,7.801,7.761,7.719,7.679,7.64,7.607,7.564,7.505,7.327,7.282,7.238,7.202,7.154,7.102
25,Burkina Faso,7.285,7.466,7.654,7.848,8.046,7.728,7.931,8.14,8.356,8.58,8.811,9.05,9.297,9.552,9.817,10.09,10.373,10.666,10.969,11.283,11.608,11.944,12.291,12.652,13.028,13.422,13.834,14.264,14.709,15.166,15.632,16.107,16.591,17.085,17.589,18.106,18.42
26,Burundi,4.09,4.21,4.334,4.461,4.591,4.726,4.864,5.007,5.154,5.305,5.46,5.62,5.78,5.77,5.87,5.98,6.09,6.19,6.3,6.489,6.684,6.884,7.091,7.26,7.478,7.512,7.641,7.794,7.981,8.172,8.368,8.569,8.775,8.985,9.201,9.422,9.648
27,Cabo Verde,0.289,0.294,0.299,0.305,0.312,0.318,0.325,0.332,0.339,0.346,0.354,0.363,0.371,0.38,0.39,0.399,0.409,0.418,0.426,0.434,0.442,0.451,0.459,0.467,0.474,0.479,0.482,0.484,0.485,0.486,0.488,0.491,0.506,0.512,0.518,0.525,0.531
28,Cambodia,6.718,6.775,6.945,7.196,7.475,7.743,7.99,8.228,8.467,8.724,9.009,9.324,9.659,10.007,10.43,10.769,11.091,11.396,11.685,11.96,12.223,12.473,12.709,12.934,13.149,13.356,13.555,13.747,13.941,14.144,14.365,14.605,14.864,15.087,15.313,15.543,15.776
29,Cameroon,8.823,9.079,9.335,9.59,9.848,10.111,10.389,10.686,10.999,11.332,11.685,12.045,12.412,12.787,13.168,13.537,13.916,14.305,14.706,15.117,15.541,15.976,16.423,16.883,17.356,17.842,18.341,18.855,19.383,19.926,20.424,20.934,21.458,21.994,22.544,23.108,23.685
30,Canada,24.471,24.785,25.083,25.336,25.577,25.813,26.067,26.398,26.751,27.215,27.632,27.987,28.324,28.651,28.96,29.263,29.57,29.868,30.124,30.367,30.647,30.972,31.309,31.602,31.899,32.203,32.529,32.848,33.199,33.581,33.959,34.302,34.697,35.102,35.496,35.821,36.229
31,Central African Republic,2.279,2.348,2.407,2.467,2.526,2.595,2.684,2.741,2.795,2.852,2.913,2.98,3.051,3.125,3.201,3.276,3.35,3.425,3.498,3.57,3.638,3.704,3.767,3.83,3.894,3.961,4.032,4.107,4.185,4.266,4.35,4.435,4.522,4.611,4.701,4.794,4.888
32,Chad,4.412,4.522,4.636,4.751,4.87,4.992,5.117,5.245,5.376,5.51,5.648,5.784,5.922,6.064,6.21,6.596,6.761,6.932,7.108,7.29,7.478,7.665,7.857,8.6,8.815,9.035,9.261,9.493,9.73,9.973,10.223,10.478,10.74,11.009,11.284,11.566,11.855
33,Chile,11.174,11.36,11.545,11.731,11.917,12.102,12.317,12.533,12.748,12.963,13.179,13.422,13.665,13.908,14.152,14.395,14.596,14.796,14.997,15.197,15.398,15.572,15.668,15.838,16.002,16.165,16.332,16.505,16.687,16.877,17.066,17.256,17.445,17.632,17.819,18.006,18.196
34,"China, People's Republic of",987.05,1000.72,1016.54,1030.08,1043.57,1058.51,1075.07,1093.0,1110.26,1127.04,1143.33,1158.23,1171.71,1185.17,1198.5,1211.21,1223.89,1236.26,1247.61,1257.86,1267.43,1276.27,1284.53,1292.27,1299.88,1307.56,1314.48,1321.29,1328.02,1334.5,1340.91,1347.35,1354.04,1360.72,1367.82,1374.62,1382.71
35,Colombia,28.447,29.08,29.718,30.36,31.004,30.794,31.433,32.092,32.764,33.443,34.125,34.834,35.53,36.208,36.863,37.49,38.1,38.6,39.2,39.7,40.296,40.814,41.329,41.849,42.368,42.889,43.406,43.927,44.451,44.979,45.51,46.045,46.582,47.121,47.662,48.203,48.748
36,Comoros,0.353,0.362,0.371,0.379,0.383,0.395,0.408,0.421,0.435,0.449,0.462,0.447,0.457,0.466,0.476,0.486,0.497,0.507,0.518,0.529,0.54,0.552,0.564,0.576,0.593,0.6,0.613,0.631,0.65,0.67,0.69,0.71,0.732,0.754,0.776,0.799,0.823
37,"Congo, Dem. Rep. of the",28.712,29.659,30.638,31.649,32.693,33.772,34.887,36.038,37.227,38.456,39.725,41.036,42.39,43.789,45.234,46.726,47.912,48.924,49.902,50.9,52.427,54.0,55.62,57.289,59.007,60.777,62.601,64.479,66.413,68.406,70.458,72.571,74.749,76.991,79.301,81.68,84.13
38,"Congo, Republic of ",1.589,1.638,1.689,1.741,1.794,1.85,1.907,1.966,2.026,2.154,2.22,2.288,2.345,2.404,2.464,2.525,2.588,2.653,2.719,2.787,2.857,2.929,3.002,3.077,3.154,3.233,3.313,3.396,3.481,3.568,3.657,3.749,3.843,3.939,4.037,4.138,4.241
39,Costa Rica,2.302,2.372,2.443,2.514,2.588,2.666,2.746,2.824,2.901,2.977,3.051,3.122,3.191,3.275,3.373,3.47,3.565,3.657,3.747,3.838,3.81,3.953,4.022,4.086,4.152,4.215,4.279,4.34,4.404,4.469,4.534,4.592,4.652,4.713,4.793,4.851,4.909
40,Croatia,,,,,,,,,,,4.517,4.81,4.73,4.624,4.524,4.453,4.494,4.572,4.501,4.554,4.381,4.305,4.305,4.306,4.439,4.442,4.44,4.436,4.434,4.429,4.418,4.281,4.268,4.256,4.238,4.204,4.17
41,Cyprus,0.509,0.515,0.521,0.528,0.535,0.541,0.548,0.554,0.559,0.568,0.579,0.595,0.611,0.626,0.639,0.645,0.656,0.666,0.675,0.683,0.69,0.698,0.706,0.714,0.723,0.733,0.744,0.758,0.776,0.797,0.819,0.84,0.862,0.866,0.858,0.847,0.848
42,Czech Republic,,,,,,,,,,,,,,,,10.333,10.321,10.309,10.299,10.29,10.278,10.232,10.201,10.193,10.195,10.199,10.224,10.254,10.343,10.426,10.462,10.487,10.505,10.516,10.512,10.538,10.554
43,Côte d'Ivoire,7.993,8.175,8.492,8.924,9.173,9.528,9.902,10.286,10.382,10.804,11.246,11.697,12.157,13.358,13.758,14.158,14.56,14.938,15.326,15.725,16.134,16.553,16.984,17.425,17.878,18.343,18.82,19.309,19.811,20.327,20.855,21.397,21.954,22.524,23.11,23.711,24.327
44,Denmark,5.122,5.124,5.119,5.116,5.112,5.111,5.116,5.125,5.129,5.13,5.135,5.146,5.162,5.181,5.197,5.216,5.251,5.275,5.295,5.314,5.33,5.349,5.368,5.384,5.398,5.411,5.427,5.447,5.476,5.511,5.535,5.561,5.581,5.603,5.627,5.66,5.707
45,Djibouti,,,,,,,,,,,0.484,0.498,0.512,0.526,0.541,0.556,0.571,0.587,0.604,0.621,0.638,0.656,0.674,0.693,0.713,0.733,0.753,0.774,0.796,0.818,0.841,0.865,0.889,0.914,0.939,0.966,0.993
46,Dominica,,0.074,0.074,0.073,0.073,0.073,0.072,0.072,0.072,0.072,0.071,0.071,0.071,0.071,0.071,0.071,0.071,0.071,0.071,0.071,0.071,0.071,0.071,0.071,0.071,0.071,0.071,0.071,0.071,0.071,0.071,0.071,0.071,0.071,0.071,0.071,0.071
47,Dominican Republic,5.652,5.781,5.916,6.056,6.202,6.353,6.509,6.669,6.828,6.979,7.118,7.242,7.375,7.511,7.642,7.771,7.897,8.023,8.152,8.276,8.398,8.513,8.628,8.745,8.858,8.968,9.071,9.174,9.28,9.38,9.479,9.58,9.681,9.785,9.883,9.98,10.075
48,Ecuador,8.03,8.261,8.495,8.733,8.971,9.211,9.451,9.691,9.944,10.189,10.43,10.671,10.912,11.15,11.38,11.598,11.798,11.987,12.168,12.347,12.531,12.815,13.094,13.32,13.552,13.721,13.965,14.215,14.473,14.738,15.012,15.266,15.521,15.775,16.027,16.279,16.529
49,Egypt,40.554,41.706,42.846,44.015,45.237,46.545,47.751,48.8,49.8,50.9,51.36,52.423,53.508,54.615,55.746,56.9,58.2,59.4,60.7,62.0,63.771,65.182,66.531,67.908,69.313,70.748,72.212,73.644,75.229,76.925,78.728,80.5,82.4,84.7,86.7,89.0,90.2
50,El Salvador,4.711,4.765,4.802,4.831,4.861,4.9,4.95,5.01,5.08,5.16,5.25,5.33,5.4,5.47,5.54,5.61,5.67,5.73,5.78,5.83,5.87,5.91,5.94,5.97,6.0,6.03,6.06,6.08,6.11,6.14,6.16,6.19,6.22,6.25,6.28,6.31,6.34
51,Equatorial Guinea,0.219,0.235,0.251,0.272,0.294,0.313,0.328,0.341,0.352,0.362,0.374,0.386,0.4,0.413,0.428,0.442,0.456,0.471,0.487,0.502,0.518,0.535,0.551,0.569,0.586,0.604,0.622,0.64,0.658,0.677,0.696,0.716,0.736,0.757,0.778,0.799,0.821
52,Eritrea,,,,,,,,,,,,,3.427,3.422,3.426,3.453,3.507,3.583,3.683,3.802,3.867,3.995,4.127,4.263,4.404,4.549,4.699,4.854,5.014,5.18,5.351,5.527,5.71,5.898,6.093,6.294,6.502
53,Estonia,,,,,,,,,,1.566,1.571,1.568,1.555,1.511,1.477,1.448,1.425,1.406,1.393,1.379,1.401,1.393,1.384,1.375,1.366,1.359,1.351,1.343,1.338,1.336,1.333,1.33,1.325,1.32,1.316,1.313,1.312
54,Ethiopia,34.32,35.148,36.151,37.294,38.52,39.786,41.084,42.424,43.815,45.273,46.807,48.42,50.096,51.812,53.531,55.23,56.898,58.544,60.179,61.826,63.5,65.405,67.22,71.342,73.197,75.1,77.053,79.056,80.321,81.606,82.912,84.238,85.586,86.955,88.347,89.76,91.196
55,FYR Macedonia,,,,,,,,,,,,,1.933,1.942,1.952,1.963,1.977,1.983,1.993,2.002,2.01,2.016,2.022,2.026,2.033,2.037,2.042,2.045,2.049,2.053,2.057,2.06,2.062,2.066,2.069,2.071,2.073
56,Fiji,0.634,0.649,0.666,0.683,0.698,0.709,0.715,0.718,0.719,0.733,0.739,0.745,0.751,0.757,0.763,0.769,0.775,0.781,0.786,0.792,0.798,0.803,0.809,0.815,0.82,0.826,0.832,0.837,0.841,0.845,0.849,0.853,0.858,0.862,0.866,0.869,0.873
57,Finland,4.771,4.788,4.812,4.842,4.87,4.894,4.911,4.926,4.939,4.954,4.974,4.998,5.029,5.055,5.078,5.099,5.117,5.132,5.147,5.16,5.171,5.181,5.195,5.206,5.22,5.237,5.256,5.277,5.3,5.326,5.351,5.375,5.401,5.427,5.451,5.472,5.487
58,France,53.731,54.029,54.335,54.65,54.895,55.157,55.411,55.682,55.966,56.27,56.577,56.841,57.111,57.369,57.565,57.753,57.936,58.116,58.299,58.497,58.858,59.267,59.686,60.102,60.505,60.963,61.4,61.795,62.135,62.466,62.765,63.07,63.376,63.698,64.028,64.344,64.605
59,Gabon,0.748,0.765,0.781,0.799,0.816,0.834,0.852,0.871,0.89,0.91,0.93,0.96,0.99,1.014,1.039,1.065,1.092,1.119,1.147,1.176,1.205,1.235,1.266,1.298,1.33,1.364,1.398,1.44,1.494,1.551,1.61,1.671,1.735,1.803,1.829,1.855,1.881
60,"Gambia, The",0.564,0.599,0.621,0.646,0.672,0.7,0.729,0.758,0.789,0.822,0.855,0.89,0.927,0.981,1.015,1.047,1.078,1.127,1.159,1.193,1.229,1.267,1.308,1.35,1.395,1.441,1.488,1.536,1.587,1.639,1.693,1.749,1.807,1.867,1.928,1.991,2.057
61,Georgia,,,,,,,,,,,,5.453,5.467,4.779,4.93,4.794,4.675,4.558,4.505,4.47,4.435,4.401,4.372,4.318,4.265,4.211,4.158,4.104,4.051,3.997,3.944,3.89,3.837,3.783,3.73,3.72,3.701
62,Germany,76.843,76.987,76.933,76.664,76.355,76.166,76.219,76.232,76.697,77.463,78.948,79.973,80.5,80.946,81.147,81.308,81.466,81.51,81.446,81.423,81.457,81.518,81.579,81.549,81.457,81.337,81.174,80.993,80.764,80.483,80.285,80.275,80.426,80.646,80.983,81.687,82.492
63,Ghana,10.015,10.542,11.097,11.681,12.296,12.61,12.933,13.263,13.602,13.95,14.306,14.672,15.046,15.431,15.825,16.23,16.644,17.07,17.506,17.953,18.412,18.883,19.366,19.861,20.368,20.889,21.423,21.97,22.532,23.108,23.699,24.304,24.926,25.563,26.216,26.886,27.573
64,Greece,9.584,9.701,9.758,9.821,9.872,9.92,9.949,9.985,10.016,10.058,10.121,10.273,10.367,10.431,10.49,10.536,10.588,10.629,10.693,10.748,10.776,10.836,10.888,10.916,10.94,10.97,11.005,11.036,11.061,11.095,11.119,11.123,11.086,11.004,10.927,10.858,10.784
65,Grenada,0.089,0.091,0.093,0.096,0.098,0.1,0.1,0.099,0.098,0.097,0.096,0.096,0.097,0.098,0.099,0.1,0.101,0.101,0.101,0.101,0.102,0.102,0.102,0.102,0.103,0.103,0.103,0.104,0.104,0.104,0.105,0.105,0.105,0.106,0.106,0.107,0.107
66,Guatemala,7.211,7.394,7.582,7.776,7.975,8.18,8.39,8.604,8.822,9.042,9.264,9.483,9.709,9.939,10.172,10.408,10.647,10.888,11.134,11.387,11.651,11.925,12.209,12.5,12.797,13.096,13.397,13.7,14.006,14.316,14.63,14.949,15.271,15.596,15.924,16.252,16.582
67,Guinea,,,,,,,,,,,6.02,6.352,6.734,7.136,7.514,7.837,8.095,8.296,8.457,8.601,8.746,8.895,9.046,9.205,9.38,9.576,9.799,10.047,10.315,10.593,10.876,11.162,11.451,11.745,12.044,12.345,12.654
68,Guinea-Bissau,0.782,0.798,0.815,0.832,0.85,0.867,0.886,0.903,0.921,0.94,0.959,0.98,1.003,1.025,1.048,1.072,1.095,1.119,1.144,1.169,1.194,1.219,1.246,1.272,1.299,1.328,1.356,1.386,1.417,1.449,1.46,1.492,1.525,1.559,1.593,1.628,1.664
69,Guyana,0.755,0.764,0.781,0.735,0.735,0.735,0.735,0.735,0.735,0.726,0.72,0.718,0.718,0.72,0.723,0.727,0.73,0.734,0.737,0.74,0.742,0.743,0.743,0.743,0.742,0.742,0.744,0.746,0.748,0.751,0.753,0.756,0.758,0.761,0.764,0.767,0.768
70,Haiti,5.935,6.042,6.15,6.261,6.374,6.489,6.606,6.725,6.805,6.943,7.086,7.218,7.359,7.511,7.673,7.82,7.966,8.112,8.258,8.404,8.549,8.693,8.835,8.977,9.119,9.263,9.409,9.557,9.705,9.853,10.0,10.145,10.289,10.431,10.572,10.711,10.848
71,Honduras,3.634,3.751,3.867,3.987,4.11,4.238,4.365,4.496,4.631,4.765,4.903,5.041,5.18,5.318,5.455,5.591,5.725,5.856,5.986,6.115,6.243,6.371,6.499,6.626,6.753,6.88,7.007,7.134,7.259,7.383,7.504,7.621,7.736,7.849,7.962,8.075,8.19
72,Hong Kong SAR,5.096,5.217,5.297,5.388,5.469,5.539,5.605,5.637,5.712,5.767,5.793,5.856,5.929,6.04,6.162,6.314,6.467,6.517,6.583,6.638,6.712,6.73,6.726,6.764,6.798,6.838,6.904,6.938,6.964,6.996,7.052,7.11,7.171,7.211,7.253,7.31,7.367
73,Hungary,10.71,10.706,10.695,10.672,10.641,10.599,10.56,10.509,10.464,10.422,10.375,10.373,10.374,10.365,10.35,10.337,10.321,10.301,10.28,10.253,10.222,10.2,10.175,10.142,10.117,10.098,10.077,10.066,10.045,10.031,10.014,9.986,9.932,9.909,9.877,9.856,9.83
74,Iceland,0.229,0.232,0.236,0.238,0.241,0.242,0.244,0.248,0.252,0.254,0.256,0.26,0.262,0.265,0.267,0.268,0.27,0.272,0.276,0.279,0.283,0.287,0.288,0.291,0.294,0.3,0.308,0.315,0.319,0.318,0.318,0.32,0.322,0.326,0.329,0.333,0.336
75,India,685.5,700.0,715.5,731.0,747.0,763.0,779.5,796.5,813.5,830.5,847.5,864.0,882.0,901.0,919.0,937.0,955.0,973.5,992.0,1010.0,1029.5,1047.134,1064.593,1081.907,1099.118,1116.257,1133.328,1150.316,1167.212,1184.0,1200.664,1217.197,1233.588,1249.817,1266.259,1282.918,1299.796
76,Indonesia,147.49,150.406,153.379,156.41,159.502,162.655,165.87,169.149,172.492,175.902,179.379,182.354,185.378,188.452,191.578,194.755,197.004,199.28,201.581,203.909,206.265,209.206,212.19,215.216,218.285,221.398,224.555,227.758,231.006,234.3,237.641,241.991,245.425,248.818,252.165,255.462,258.705
77,Iran,39.291,40.826,42.42,44.077,45.798,47.587,49.445,50.662,51.909,53.187,54.496,55.837,56.656,57.488,58.331,59.187,60.055,61.07,62.103,63.152,64.219,65.301,66.3,67.315,68.345,69.39,70.496,71.366,72.266,73.196,74.157,75.15,76.038,76.942,78.47,79.476,80.46
78,Iraq,,,,,,,,,,,,,,,,,,,,,,,,25.96,26.674,27.377,28.064,28.741,29.43,30.163,30.962,31.76,32.578,33.417,36.005,36.934,37.884
79,Ireland,3.424,3.467,3.504,3.528,3.553,3.564,3.565,3.57,3.555,3.533,3.529,3.55,3.579,3.598,3.61,3.626,3.651,3.689,3.728,3.772,3.828,3.888,3.956,4.021,4.1,4.2,4.321,4.445,4.516,4.547,4.568,4.58,4.596,4.609,4.622,4.655,4.699
80,Israel,3.92,3.948,4.018,4.104,4.157,4.231,4.296,4.366,4.439,4.516,4.658,4.946,5.124,5.259,5.395,5.542,5.682,5.824,5.967,6.117,6.286,6.436,6.567,6.687,6.806,6.927,7.052,7.176,7.307,7.482,7.621,7.763,7.907,8.056,8.212,8.377,8.543
81,Italy,56.388,56.479,56.524,56.563,56.565,56.588,56.598,56.594,56.609,56.649,56.694,56.744,56.773,56.821,56.842,56.844,56.844,56.876,56.904,56.909,56.924,56.961,56.999,57.2,57.625,58.065,58.316,58.54,59.034,59.449,59.707,59.952,60.168,60.51,60.783,60.796,60.666
82,Jamaica,2.112,2.15,2.186,2.23,2.235,2.269,2.29,2.306,2.32,2.324,2.365,2.381,2.399,2.419,2.44,2.462,2.485,2.509,2.534,2.559,2.582,2.605,2.627,2.647,2.666,2.682,2.696,2.708,2.719,2.73,2.741,2.755,2.769,2.784,2.799,2.814,2.829
83,Japan,116.769,117.623,118.451,119.271,120.05,120.8,121.446,122.031,122.548,123.028,123.438,123.928,124.367,124.77,125.116,125.436,125.711,126.011,126.349,126.587,126.831,127.132,127.4,127.634,127.734,127.752,127.746,127.757,127.692,127.551,127.594,127.831,127.552,127.333,127.12,126.978,126.96
84,Jordan,2.233,2.319,2.409,2.502,2.599,2.7,2.805,2.914,3.027,3.144,3.468,3.701,3.844,3.993,4.139,4.264,4.383,4.506,4.623,4.738,4.857,4.978,5.098,5.23,5.35,5.473,5.6,5.723,5.85,5.98,6.113,6.249,6.388,6.53,6.675,6.824,6.976
85,Kazakhstan,,,,,,,,,,,,,17.048,16.9,15.8,15.676,15.481,15.188,14.955,14.902,14.866,14.851,14.867,14.951,15.075,15.219,15.397,15.572,15.982,16.203,16.44,16.673,16.91,17.161,17.418,17.671,17.927
86,Kenya,15.74,16.327,16.92,17.498,18.095,18.712,19.351,20.011,20.694,21.4,22.037,22.694,23.37,24.066,24.783,25.521,26.281,27.064,27.87,28.7,29.494,30.309,31.147,32.009,32.894,33.803,34.738,35.698,36.686,37.7,38.5,39.5,40.7,41.8,43.0,44.2,45.451
87,Kiribati,0.06,0.06,0.06,0.062,0.063,0.064,0.065,0.067,0.068,0.07,0.072,0.073,0.074,0.075,0.077,0.078,0.079,0.08,0.082,0.083,0.084,0.086,0.088,0.089,0.091,0.093,0.095,0.097,0.099,0.101,0.103,0.104,0.106,0.107,0.109,0.11,0.112
88,"Korea, Republic of",38.124,38.723,39.326,39.91,40.406,40.806,41.214,41.622,42.031,42.449,42.869,43.296,43.748,44.195,44.642,45.093,45.525,45.954,46.287,46.617,47.008,47.37,47.645,47.892,48.083,48.185,48.438,48.684,49.055,49.308,49.554,49.937,50.2,50.429,50.747,51.015,51.246
89,Kosovo,,,,,,,,,,,,,,,,,,,,,1.472,1.472,1.511,1.537,1.631,1.651,1.674,1.699,1.72,1.747,1.775,1.802,1.807,1.815,1.842,1.838,1.839
90,Kuwait,1.37,1.432,1.497,1.566,1.6,1.7,1.8,1.9,2.0,2.1,2.13,1.36,1.42,1.48,1.83,1.96,2.09,2.209,2.271,2.255,2.217,2.309,2.42,2.547,2.754,2.991,3.183,3.4,3.442,3.485,3.582,3.682,3.785,3.89,3.999,4.11,4.225
91,Kyrgyz Republic,,,,,,,,,,,,,4.43,4.505,4.525,4.596,4.661,4.732,4.806,4.875,4.922,4.968,5.013,5.073,5.136,5.189,5.248,5.289,5.348,5.418,5.478,5.552,5.663,5.777,5.895,6.019,6.107
92,Lao P.D.R.,3.118,3.177,3.251,3.334,3.425,3.519,3.618,3.721,3.828,3.938,4.087,4.208,4.331,4.454,4.575,4.691,4.801,4.907,4.991,5.076,5.162,5.25,5.339,5.43,5.522,5.621,5.702,5.784,5.867,5.952,6.038,6.124,6.213,6.302,6.393,6.492,6.585
93,Latvia,,,,,,,,,,,,,2.677,2.669,2.627,2.501,2.47,2.445,2.421,2.399,2.382,2.353,2.321,2.299,2.277,2.25,2.228,2.209,2.192,2.163,2.121,2.075,2.045,2.024,2.001,1.986,1.969
94,Lebanon,2.55,2.531,2.521,2.521,2.521,2.55,2.588,2.617,2.645,2.674,2.703,2.752,2.822,2.901,2.975,3.033,3.071,3.093,3.114,3.157,3.235,3.358,3.516,3.69,3.854,3.987,4.08,4.14,4.186,4.247,4.341,4.383,4.425,4.425,4.425,4.425,4.467
95,Lesotho,1.256,1.289,1.323,1.357,1.332,1.363,1.397,1.463,1.502,1.546,1.589,1.611,1.675,1.716,1.752,1.841,1.826,1.831,1.835,1.84,1.845,1.849,1.854,1.859,1.863,1.868,1.873,1.877,1.882,1.887,1.892,1.896,1.901,1.906,1.911,1.916,1.92
96,Liberia,1.868,1.935,2.007,2.076,2.133,2.171,2.189,2.191,2.18,2.16,2.136,2.105,2.069,2.048,2.067,2.141,2.283,2.48,2.704,2.909,3.065,3.161,3.206,3.222,3.241,3.283,3.385,3.431,3.477,3.624,3.778,3.876,3.977,4.081,4.187,4.296,4.399
97,Libya,2.988,3.126,3.273,3.411,3.558,3.539,3.676,3.834,4.325,4.522,4.26,4.36,4.46,4.56,4.65,4.75,4.84,4.92,5.01,5.09,5.18,5.26,5.34,5.42,5.51,5.59,5.69,5.78,5.88,5.96,6.041,5.923,6.283,6.266,6.259,6.322,6.385
98,Lithuania,,,,,,,,,,,,,,,,3.629,3.602,3.575,3.549,3.524,3.5,3.471,3.443,3.415,3.377,3.323,3.27,3.231,3.198,3.163,3.097,3.028,2.988,2.958,2.932,2.905,2.871
99,Luxembourg,0.364,0.365,0.366,0.366,0.366,0.367,0.368,0.371,0.374,0.378,0.382,0.387,0.392,0.398,0.404,0.406,0.412,0.417,0.422,0.427,0.434,0.44,0.444,0.448,0.455,0.461,0.469,0.476,0.484,0.494,0.502,0.512,0.525,0.537,0.55,0.563,0.576
100,Macao SAR,,,,,,,,,,,,,,,,,,,,,,0.436,0.441,0.447,0.463,0.484,0.513,0.538,0.549,0.542,0.552,0.557,0.582,0.608,0.636,0.647,0.645
101,Madagascar,8.747,8.983,9.221,9.462,9.714,9.981,10.264,10.563,10.878,11.206,11.546,11.898,12.264,12.644,13.04,13.453,13.883,14.329,14.79,15.263,15.745,16.236,16.736,17.245,17.763,18.29,18.826,19.371,19.927,20.496,21.08,21.679,22.294,22.925,23.572,24.235,24.916
102,Malawi,6.564,6.748,6.923,7.116,7.368,7.7,8.133,8.647,9.185,9.667,10.039,10.275,10.4,10.461,10.533,10.666,10.876,11.148,11.458,11.774,12.07,12.343,12.813,13.098,13.385,13.654,14.043,14.439,14.846,15.274,15.714,16.166,16.632,17.111,17.604,18.111,18.632
103,Malaysia,13.885,14.229,14.592,14.955,15.328,15.823,16.257,16.681,17.094,17.508,18.267,18.547,19.068,19.602,20.142,20.682,21.223,21.769,22.334,22.91,23.495,24.123,24.727,25.32,25.905,26.477,26.832,27.1,27.6,28.082,28.589,29.062,29.51,30.214,30.709,31.186,31.634
104,Maldives,0.152,0.158,0.163,0.169,0.175,0.182,0.189,0.193,0.198,0.204,0.212,0.222,0.228,0.234,0.24,0.245,0.25,0.255,0.261,0.266,0.27,0.276,0.281,0.285,0.289,0.294,0.299,0.305,0.31,0.315,0.32,0.325,0.331,0.336,0.342,0.348,0.354
105,Mali,7.09,7.234,7.387,7.542,7.693,7.832,7.957,8.073,8.19,8.323,8.482,8.673,8.891,9.131,9.384,9.641,9.901,10.168,10.445,10.737,11.047,11.376,11.723,12.089,12.475,12.881,13.31,13.759,14.223,14.695,15.167,15.639,16.112,16.592,17.139,17.703,18.289
106,Malta,0.315,0.318,0.32,0.332,0.329,0.332,0.341,0.343,0.346,0.349,0.352,0.362,0.366,0.369,0.373,0.376,0.378,0.381,0.384,0.386,0.389,0.391,0.395,0.397,0.4,0.403,0.405,0.406,0.408,0.411,0.414,0.415,0.418,0.421,0.425,0.429,0.434
107,Marshall Islands,,,,,,,,,,,,,,,,,,0.049,0.05,0.051,0.051,0.051,0.05,0.05,0.05,0.051,0.051,0.052,0.052,0.052,0.053,0.053,0.053,0.054,0.054,0.054,0.054
108,Mauritania,,,,,,,,,,,1.996,2.05,2.108,2.167,2.228,2.292,2.358,2.425,2.495,2.568,2.643,2.72,2.8,2.882,2.965,3.047,2.953,3.036,3.119,3.202,3.285,3.369,3.454,3.537,3.621,3.706,3.794
109,Mauritius,0.966,0.98,0.993,1.002,1.012,1.021,1.028,1.036,1.043,1.051,1.059,1.07,1.084,1.097,1.113,1.122,1.134,1.148,1.16,1.175,1.187,1.196,1.205,1.213,1.221,1.228,1.234,1.24,1.244,1.247,1.25,1.252,1.256,1.259,1.261,1.263,1.264
110,Mexico,69.331,70.951,72.548,74.133,75.721,77.323,78.939,80.571,82.223,83.902,87.065,88.631,90.133,91.601,93.055,94.49,95.877,97.205,98.485,99.706,100.896,102.122,103.418,104.72,105.952,107.151,108.409,109.787,111.299,112.853,114.256,115.683,117.054,118.395,119.713,121.006,122.273
111,"Micronesia, Fed. States of",,,,,,,,,,,,,,,,0.106,0.106,0.106,0.107,0.107,0.107,0.107,0.106,0.106,0.106,0.106,0.105,0.104,0.104,0.103,0.103,0.102,0.102,0.102,0.102,0.102,0.102
112,Moldova,,,,,,,,,,,,,3.689,3.679,3.684,3.679,3.668,3.656,3.65,3.644,3.635,3.628,3.618,3.607,3.6,3.59,3.581,3.573,3.568,3.564,3.56,3.56,3.559,3.558,3.555,3.553,3.551
113,Mongolia,,,,,,,,,,,2.071,2.121,2.161,2.181,2.202,2.235,2.267,2.297,2.328,2.359,2.391,2.425,2.459,2.49,2.519,2.548,2.579,2.615,2.659,2.71,2.755,2.786,2.84,2.882,2.926,2.969,3.014
114,Montenegro,,,,,,,,,,,,,,,,,,,,,0.612,0.615,0.615,0.615,0.615,0.616,0.616,0.616,0.617,0.618,0.619,0.62,0.621,0.621,0.622,0.622,0.623
115,Morocco,19.432,19.938,20.459,20.944,21.441,21.951,22.469,23.002,23.528,24.075,24.167,24.634,25.095,25.549,25.996,26.384,26.761,27.14,27.519,27.9,28.283,28.666,29.051,29.438,29.826,30.215,30.606,30.998,31.391,31.786,32.182,32.579,32.978,33.378,33.77,34.125,34.487
116,Mozambique,12.142,12.439,12.729,12.993,13.201,13.339,13.391,13.375,13.349,13.395,13.568,13.894,14.35,14.893,15.453,15.982,16.463,16.915,17.351,17.798,18.276,18.786,19.32,19.873,20.439,21.01,21.738,22.36,22.995,23.648,24.321,25.017,25.733,26.467,27.216,27.978,28.751
117,Myanmar,,,,,,,,,,,,,,,,,,,45.296,45.874,46.379,46.801,47.153,47.455,47.74,48.033,48.338,48.653,48.983,49.334,49.708,50.11,50.537,50.979,51.419,51.846,52.254
118,Namibia,,,,,,,,,,1.284,1.345,1.403,1.455,1.504,1.549,1.594,1.643,1.696,1.75,1.805,1.828,1.83,1.86,1.891,1.923,1.957,1.992,1.994,2.024,2.054,2.085,2.116,2.155,2.196,2.238,2.281,2.324
119,Nauru,,,,,,,,,,,,,,,,,,,,,,,,,0.01,0.01,0.009,0.009,0.009,0.01,0.01,0.01,0.01,0.011,0.012,0.012,0.013
120,Nepal,14.905,15.249,15.603,15.966,16.338,16.714,17.092,17.472,17.865,18.285,18.742,19.237,19.766,20.313,20.859,21.391,21.903,22.395,22.866,23.315,23.74,24.141,24.517,24.869,25.198,25.507,25.794,26.064,26.325,26.593,26.876,27.179,27.501,27.835,28.175,28.514,28.853
121,Netherlands,14.15,14.247,14.313,14.367,14.424,14.492,14.572,14.665,14.76,14.849,14.952,15.07,15.184,15.29,15.383,15.459,15.53,15.611,15.707,15.812,15.926,16.046,16.149,16.225,16.282,16.32,16.346,16.382,16.446,16.53,16.615,16.693,16.755,16.804,16.865,16.937,17.03
122,New Zealand,3.126,3.143,3.167,3.198,3.23,3.261,3.291,3.32,3.351,3.385,3.425,3.516,3.552,3.598,3.648,3.707,3.762,3.803,3.829,3.851,3.873,3.916,3.99,4.062,4.114,4.161,4.209,4.246,4.28,4.332,4.374,4.399,4.426,4.476,4.555,4.647,4.747
123,Nicaragua,,,,,,,,,,,,,,,4.521,4.612,4.701,4.787,4.87,4.95,5.027,5.101,5.172,5.241,5.31,5.379,5.45,5.522,5.595,5.667,5.738,5.808,5.877,5.946,6.014,6.082,6.15
124,Niger,5.436,5.621,5.816,6.019,6.224,6.431,6.639,6.852,7.069,7.292,7.523,7.771,8.035,8.314,8.605,8.904,9.215,9.538,9.871,10.177,10.493,11.06,11.456,11.834,12.225,12.792,13.248,13.716,14.198,14.693,15.148,15.618,16.102,16.601,17.116,17.647,18.194
125,Nigeria,68.447,70.388,72.318,74.272,76.299,78.435,80.688,83.043,85.488,87.998,90.557,93.161,95.725,98.36,101.068,103.85,106.709,109.647,112.665,115.766,118.953,122.228,125.593,129.05,132.602,136.253,140.004,143.854,147.81,151.874,156.051,160.342,164.752,169.282,173.938,178.721,183.636
126,Norway,4.092,4.107,4.123,4.134,4.146,4.159,4.174,4.198,4.221,4.233,4.25,4.274,4.299,4.325,4.348,4.37,4.393,4.413,4.441,4.473,4.501,4.519,4.547,4.573,4.599,4.632,4.672,4.722,4.787,4.843,4.908,4.973,5.038,5.096,5.156,5.205,5.252
127,Oman,1.357,1.47,1.47,1.583,1.696,1.696,1.809,1.922,1.922,2.035,1.843,1.91,1.979,2.047,2.112,2.172,2.225,2.274,2.318,2.361,2.402,2.443,2.484,2.526,2.57,2.618,2.67,2.726,2.785,2.883,2.885,2.993,3.291,3.594,3.717,3.778,4.009
128,Pakistan,80.379,82.756,85.203,87.651,90.098,92.565,95.071,97.597,100.152,102.726,105.7,108.04,112.61,115.54,118.5,121.48,124.49,127.51,130.56,133.61,136.64,139.76,142.86,145.96,149.65,152.53,156.77,162.91,165.45,168.99,172.57,176.2,180.71,183.57,186.19,189.87,193.56
129,Palau,,,,,,,,,,,,,,,,,,,,,0.019,0.019,0.019,0.02,0.02,0.02,0.02,0.019,0.019,0.019,0.018,0.018,0.017,0.018,0.018,0.018,0.018
130,Panama,1.982,2.03,2.078,2.127,2.176,2.225,2.274,2.324,2.374,2.424,2.474,2.527,2.581,2.636,2.691,2.747,2.804,2.862,2.921,2.98,3.041,3.102,3.164,3.227,3.289,3.351,3.413,3.476,3.538,3.6,3.662,3.724,3.788,3.851,3.913,3.975,4.037
131,Papua New Guinea,2.96,3.04,3.11,3.18,3.25,3.33,3.4,3.35,3.45,3.6,3.758,3.875,4.181,4.288,4.401,4.52,4.64,4.761,4.883,5.006,5.13,5.256,5.384,5.515,5.647,5.781,5.917,6.056,6.196,6.339,6.604,6.88,7.167,7.346,7.53,7.718,7.911
132,Paraguay,3.151,3.245,3.342,3.442,3.545,3.652,3.767,3.887,4.01,4.138,4.138,4.406,4.496,4.588,4.681,4.777,4.874,4.974,5.075,5.179,5.284,5.385,5.485,5.583,5.682,5.78,5.877,5.975,6.072,6.169,6.266,6.363,6.461,6.559,6.657,6.756,6.855
133,Peru,17.324,17.76,18.197,18.635,19.074,19.516,19.963,20.415,20.867,21.315,21.753,22.18,22.597,22.639,22.989,23.345,23.706,24.073,24.445,24.823,25.207,25.597,25.993,26.395,26.804,27.219,27.64,28.221,28.657,29.101,29.552,29.77,30.098,30.483,30.809,31.148,31.481
134,Philippines,47.88,49.089,50.318,51.586,52.864,54.172,55.49,56.877,58.165,59.553,60.94,62.36,63.82,65.32,66.84,68.41,71.9,73.53,75.36,76.99,77.02,78.59,80.28,81.88,83.56,85.26,86.97,88.71,89.44,91.02,92.6,94.18,96.5,98.175,100.139,102.141,104.184
135,Poland,35.567,35.887,36.216,36.731,37.049,37.327,37.558,37.75,37.786,37.824,38.186,38.286,38.386,38.501,38.581,38.581,38.609,38.639,38.66,38.667,38.263,38.254,38.242,38.219,38.191,38.174,38.157,38.125,38.116,38.136,38.023,38.063,38.064,38.063,38.018,38.006,37.967
136,Portugal,9.778,9.828,9.892,9.948,9.984,10.025,10.039,10.043,10.034,10.023,10.005,9.979,9.974,9.983,9.999,10.026,10.064,10.109,10.16,10.218,10.29,10.363,10.42,10.459,10.484,10.503,10.522,10.543,10.558,10.568,10.573,10.558,10.515,10.457,10.401,10.362,10.325
137,Puerto Rico,3.203,3.229,3.257,3.286,3.317,3.349,3.382,3.417,3.454,3.492,3.528,3.551,3.575,3.6,3.627,3.655,3.685,3.716,3.748,3.782,3.811,3.819,3.824,3.826,3.827,3.821,3.805,3.783,3.761,3.74,3.722,3.679,3.634,3.593,3.535,3.474,3.411
138,Qatar,0.245,0.265,0.285,0.306,0.326,0.345,0.362,0.377,0.392,0.408,0.477,0.485,0.49,0.492,0.495,0.501,0.512,0.529,0.55,0.572,0.594,0.612,0.63,0.66,0.72,0.821,0.968,1.152,1.554,1.639,1.715,1.733,1.833,2.004,2.216,2.438,2.618
139,Romania,22.442,22.576,22.683,22.775,22.868,22.971,23.093,23.224,23.346,23.431,23.459,23.423,23.333,23.205,23.064,22.927,22.8,22.679,22.565,22.458,22.435,22.408,21.795,21.628,21.521,21.382,21.257,21.131,20.636,20.44,20.295,20.199,20.096,20.02,19.953,19.871,19.76
140,Russian Federation,,,,,,,,,,147.0,147.569,148.04,148.322,148.436,148.416,148.293,148.078,147.773,147.385,146.924,146.401,145.818,145.196,144.583,144.044,143.623,143.338,143.18,143.123,143.127,143.158,143.211,143.288,143.367,143.429,143.457,143.44
141,Rwanda,4.654,4.825,5.006,5.195,5.321,5.502,5.691,5.89,6.097,6.304,6.453,6.652,6.656,6.247,5.79,5.468,5.406,5.66,6.176,6.843,7.495,8.013,8.361,8.578,8.711,8.833,9.0,9.2,9.5,9.7,10.0,10.2,10.5,10.74,11.0,11.301,11.53
142,Saint Kitts and Nevis,0.043,0.043,0.043,0.043,0.042,0.042,0.042,0.041,0.041,0.041,0.041,0.041,0.041,0.042,0.042,0.043,0.043,0.044,0.044,0.045,0.046,0.046,0.047,0.048,0.048,0.049,0.05,0.05,0.051,0.052,0.052,0.053,0.054,0.054,0.055,0.056,0.056
143,Saint Lucia,0.115,0.117,0.119,0.121,0.123,0.125,0.127,0.129,0.13,0.133,0.134,0.136,0.138,0.139,0.142,0.145,0.147,0.15,0.152,0.154,0.156,0.158,0.159,0.161,0.162,0.164,0.166,0.168,0.17,0.165,0.166,0.167,0.169,0.171,0.172,0.173,0.174
144,Saint Vincent and the Grenadines,0.098,0.098,0.099,0.1,0.101,0.102,0.102,0.103,0.104,0.105,0.106,0.106,0.106,0.106,0.106,0.106,0.106,0.106,0.106,0.106,0.106,0.106,0.107,0.107,0.108,0.108,0.109,0.109,0.109,0.109,0.109,0.11,0.11,0.11,0.11,0.11,0.11
145,Samoa,,,,,,,,,,,,,,,,,,,0.173,0.174,0.175,0.176,0.177,0.178,0.179,0.18,0.181,0.182,0.184,0.185,0.186,0.188,0.189,0.191,0.192,0.194,0.195
146,San Marino,,,,,,,,,,,,,,,,,,,,,,,,,,,,,0.033,0.033,0.033,0.033,0.034,0.034,0.034,0.034,0.034
147,Saudi Arabia,9.32,9.786,10.276,10.79,11.33,11.897,12.492,13.118,13.774,14.463,15.187,15.947,16.948,17.277,17.701,18.136,18.581,19.037,19.504,19.983,20.474,20.976,21.491,22.02,22.564,23.33,24.122,24.941,25.787,26.661,27.563,28.376,29.196,29.994,30.77,31.016,31.743
148,Senegal,5.649,5.803,5.967,6.14,6.322,6.512,6.711,6.918,7.131,7.346,7.562,7.776,7.991,8.234,8.475,8.711,8.939,9.163,9.387,9.618,9.861,10.118,10.389,10.673,10.967,11.269,11.578,11.897,12.23,12.582,12.957,13.357,13.78,14.221,14.673,15.129,15.6
149,Serbia,,,,,,,,,,,,,,,,,,7.597,7.568,7.54,7.516,7.503,7.5,7.481,7.463,7.441,7.412,7.382,7.35,7.321,7.291,7.237,7.201,7.167,7.132,7.095,7.058
150,Seychelles,0.063,0.064,0.064,0.064,0.065,0.065,0.066,0.068,0.069,0.069,0.07,0.07,0.071,0.072,0.074,0.075,0.076,0.077,0.079,0.08,0.081,0.081,0.083,0.083,0.082,0.083,0.085,0.085,0.087,0.087,0.09,0.087,0.088,0.09,0.091,0.093,0.094
151,Sierra Leone,3.329,3.411,3.482,3.564,3.585,3.656,3.738,3.819,3.901,3.993,4.043,4.053,4.032,3.991,3.952,3.927,3.92,3.928,3.962,4.03,4.14,4.296,4.493,4.713,4.928,5.12,5.281,5.416,5.532,5.641,5.752,5.865,5.979,6.104,6.232,6.319,6.439
152,Singapore,2.414,2.533,2.646,2.681,2.732,2.736,2.733,2.775,2.846,2.931,3.047,3.135,3.231,3.313,3.419,3.525,3.671,3.796,3.927,3.959,4.028,4.138,4.176,4.115,4.167,4.266,4.401,4.589,4.839,4.988,5.077,5.184,5.312,5.399,5.47,5.535,5.607
153,Slovak Republic,,,,,,,,,,,,,,5.337,5.367,5.397,5.408,5.379,5.388,5.393,5.399,5.379,5.379,5.375,5.372,5.373,5.373,5.373,5.376,5.382,5.39,5.392,5.404,5.411,5.416,5.421,5.426
154,Slovenia,,,,,,,,,,,,,1.999,1.989,1.989,1.989,1.99,1.987,1.985,1.978,1.988,1.99,1.994,1.995,1.996,1.998,2.003,2.01,2.01,2.032,2.047,2.05,2.055,2.059,2.061,2.063,2.064
155,Solomon Islands,0.231,0.238,0.247,0.255,0.263,0.271,0.279,0.287,0.295,0.303,0.312,0.321,0.33,0.339,0.349,0.359,0.369,0.38,0.39,0.401,0.412,0.424,0.435,0.446,0.458,0.469,0.481,0.492,0.504,0.515,0.526,0.538,0.55,0.562,0.575,0.588,0.601
156,South Africa,29.08,29.83,30.61,31.41,32.21,32.98,33.73,34.46,35.2,35.97,36.79,37.69,38.65,39.62,40.56,41.43,42.21,42.92,43.58,44.23,44.9,45.58,45.921,46.461,47.021,47.602,48.205,48.83,49.479,50.152,50.85,51.574,52.325,53.104,53.912,54.75,55.62
157,"South Sudan, Republic of",,,,,,,,,,,,,,,,,,,,,,,,,,,,,,,,9.897,10.386,10.882,11.384,11.893,12.499
158,Spain,37.656,38.014,38.217,38.397,38.55,38.686,38.798,38.888,38.971,39.048,39.117,39.221,39.35,39.473,39.579,39.672,39.764,39.869,40.008,40.215,40.554,40.766,41.424,42.196,42.859,43.663,44.361,45.236,45.983,46.368,46.562,46.736,46.766,46.593,46.455,46.41,46.399
159,Sri Lanka,14.603,14.8,14.986,15.161,15.324,15.475,15.628,15.784,15.942,16.103,16.267,16.448,16.631,16.85,17.098,17.28,17.49,17.702,17.935,18.208,18.467,18.732,19.007,19.232,19.444,19.619,19.773,19.928,20.085,20.242,20.401,20.541,20.658,20.822,20.964,21.107,21.252
160,Sudan,18.68,19.24,19.8,20.36,21.311,21.908,22.521,23.152,23.6,24.2,25.75,26.53,27.32,28.13,28.95,27.95,28.6,29.2,29.8,30.4,31.1,31.9,32.7,33.6,34.474,35.3,36.218,37.159,38.126,39.117,40.134,32.661,35.056,36.164,37.289,38.435,39.599
161,Suriname,,,,,,,,,,,0.408,0.414,0.419,0.426,0.431,0.437,0.442,0.449,0.454,0.461,0.467,0.474,0.479,0.484,0.493,0.499,0.504,0.51,0.517,0.524,0.531,0.54,0.542,0.547,0.552,0.556,0.564
162,Swaziland,0.544,0.561,0.577,0.594,0.614,0.637,0.663,0.692,0.723,0.752,0.778,0.801,0.819,0.836,0.852,0.869,0.888,0.908,0.928,0.946,0.96,0.97,0.976,0.982,0.988,0.997,1.009,1.02,1.031,1.043,1.054,1.067,1.08,1.093,1.106,1.119,1.132
163,Sweden,8.318,8.323,8.327,8.331,8.343,8.358,8.382,8.414,8.459,8.527,8.591,8.644,8.692,8.745,8.816,8.837,8.844,8.848,8.854,8.861,8.883,8.909,8.941,8.976,9.011,9.048,9.113,9.183,9.256,9.341,9.416,9.483,9.556,9.645,9.747,9.851,9.995
164,Switzerland,6.304,6.335,6.373,6.41,6.428,6.456,6.485,6.523,6.567,6.62,6.674,6.757,6.843,6.908,6.969,7.019,7.062,7.081,7.096,7.124,7.164,7.198,7.256,7.314,7.364,7.415,7.459,7.509,7.593,7.702,7.786,7.87,7.955,8.039,8.14,8.238,8.327
165,Syria,9.129,9.444,9.758,10.084,10.419,10.776,11.133,11.511,11.899,12.298,12.721,13.102,13.484,13.865,14.241,14.61,14.973,15.334,15.702,16.091,16.511,16.961,17.438,17.952,18.512,19.121,19.596,20.083,20.581,21.092,21.393,,,,,,
166,São Tomé and Príncipe,0.089,0.09,0.092,0.095,0.097,0.099,0.102,0.105,0.108,0.111,0.114,0.118,0.121,0.123,0.125,0.127,0.13,0.132,0.135,0.137,0.139,0.142,0.144,0.147,0.151,0.155,0.159,0.163,0.168,0.173,0.178,0.183,0.188,0.193,0.198,0.203,0.208
167,Taiwan Province of China,17.866,18.194,18.516,18.791,19.069,19.314,19.509,19.725,19.954,20.157,20.401,20.606,20.803,20.995,21.178,21.357,21.525,21.743,21.929,22.092,22.277,22.406,22.521,22.605,22.689,22.77,22.877,22.958,23.037,23.12,23.162,23.225,23.316,23.374,23.434,23.492,23.54
168,Tajikistan,,,,,,,,,,,,5.506,5.536,5.573,5.607,5.668,5.735,5.822,5.939,6.127,6.25,6.376,6.507,6.64,6.78,6.92,7.064,7.216,7.374,7.53,7.616,7.801,7.964,8.132,8.302,8.477,8.655
169,Tanzania,18.612,19.172,19.732,20.292,20.852,21.412,21.972,22.532,23.095,23.906,24.716,25.527,26.337,27.148,27.959,28.769,29.58,30.391,31.201,32.012,32.822,33.633,34.444,35.492,36.541,37.589,38.638,39.686,40.735,41.783,42.832,43.88,44.929,45.828,46.744,47.679,48.633
170,Thailand,46.5,47.88,48.85,49.52,50.58,51.8,52.97,53.87,54.96,55.29,56.303,56.961,57.789,58.096,58.797,59.47,60.077,60.677,61.277,61.849,62.321,62.908,63.488,64.05,64.603,65.152,65.632,66.094,66.533,66.953,67.341,67.638,67.956,68.297,68.657,68.838,68.981
171,Timor-Leste,,,,,,,,,,,,,,,,,,,,0.823,0.897,0.909,0.922,0.936,0.952,0.97,0.989,1.01,1.034,1.046,1.057,1.078,1.102,1.129,1.158,1.185,1.212
172,Togo,2.379,2.45,2.846,2.949,3.055,3.161,3.267,3.373,3.476,3.574,3.666,3.748,3.823,3.898,3.983,4.085,4.209,4.349,4.5,4.651,4.794,4.926,5.051,5.17,5.288,5.408,5.53,5.89,6.053,6.22,6.391,6.566,6.746,6.929,7.115,7.31,7.509
173,Tonga,0.092,0.092,0.093,0.094,0.095,0.094,0.094,0.094,0.094,0.095,0.095,0.096,0.096,0.097,0.097,0.097,0.097,0.098,0.098,0.099,0.099,0.1,0.1,0.101,0.101,0.101,0.102,0.102,0.102,0.103,0.103,0.103,0.103,0.104,0.104,0.104,0.104
174,Trinidad and Tobago,1.085,1.103,1.121,1.139,1.156,1.171,1.184,1.195,1.205,1.214,1.222,1.23,1.237,1.244,1.25,1.255,1.258,1.261,1.263,1.265,1.268,1.272,1.278,1.284,1.291,1.297,1.303,1.309,1.315,1.322,1.328,1.335,1.342,1.348,1.354,1.36,1.367
175,Tunisia,6.39,6.57,6.73,6.89,6.97,7.2,7.48,7.64,7.77,7.91,8.154,8.318,8.49,8.572,8.786,8.958,9.089,9.215,9.333,9.456,9.553,9.651,9.749,9.84,9.932,10.029,10.128,10.225,10.329,10.44,10.547,10.674,10.776,10.887,10.998,11.11,11.224
176,Turkey,44.51,45.51,46.732,49.571,50.736,51.901,53.062,54.219,53.331,54.095,55.343,56.457,57.394,58.328,59.259,60.184,61.106,62.023,62.912,63.818,64.73,65.603,66.402,67.187,68.01,68.861,69.73,70.586,71.517,72.561,73.723,74.724,75.627,76.668,77.696,78.741,79.815
177,Turkmenistan,,,,,,,,,,,,,3.952,3.992,4.096,4.188,4.268,4.336,4.395,4.449,4.501,4.552,4.6,4.648,4.697,4.748,4.802,4.858,4.918,4.979,5.042,5.107,5.173,5.24,5.313,5.388,5.463
178,Tuvalu,,,,,,,,,,,,,,,,,,,,,,,0.009,0.009,0.01,0.01,0.01,0.01,0.01,0.01,0.01,0.011,0.011,0.011,0.011,0.011,0.011
179,Uganda,11.264,11.607,11.962,12.335,12.734,13.169,13.641,14.147,14.679,15.227,15.782,16.343,16.873,17.447,18.021,18.595,19.214,19.832,20.45,21.113,21.82,22.526,23.277,24.116,24.956,25.795,26.678,27.606,28.578,29.549,30.521,31.537,32.548,33.51,34.477,35.492,36.561
180,Ukraine,,,,,,,,,,,51.624,51.708,51.87,51.715,51.3,50.874,50.4,49.974,49.545,49.115,48.664,48.241,47.823,47.442,47.101,46.749,46.466,46.192,45.963,45.783,45.598,45.453,45.373,45.246,42.76,42.591,42.415
181,United Arab Emirates,1.01,1.1,1.17,1.21,1.31,1.38,1.44,1.5,1.79,1.86,1.844,1.928,2.011,2.083,2.23,2.411,2.443,2.58,2.834,3.033,2.995,3.167,3.349,3.551,3.761,4.106,5.012,6.219,8.074,8.2,8.264,8.512,8.768,9.031,9.302,9.581,9.856
182,United Kingdom,56.33,56.358,56.291,56.316,56.409,56.554,56.684,56.804,56.916,57.077,57.238,57.439,57.585,57.714,57.862,58.025,58.164,58.314,58.475,58.684,58.886,59.113,59.366,59.637,59.95,60.413,60.827,61.319,61.824,62.261,62.76,63.285,63.705,64.106,64.597,65.11,65.648
183,United States,227.622,229.916,232.128,234.247,236.307,238.416,240.593,242.751,244.968,247.286,250.047,253.392,256.777,260.146,263.325,266.458,269.581,272.822,276.022,279.195,282.296,285.216,288.019,290.733,293.389,296.115,298.93,301.903,304.718,307.374,309.756,312.019,314.284,316.476,318.789,321.08,323.298
184,Uruguay,2.939,2.959,2.978,2.997,3.016,3.035,3.053,3.07,3.088,3.105,3.122,3.14,3.159,3.178,3.208,3.228,3.248,3.286,3.312,3.336,3.349,3.351,3.347,3.338,3.341,3.352,3.358,3.359,3.363,3.378,3.397,3.413,3.426,3.44,3.454,3.467,3.48
185,Uzbekistan,,,,,,,,,,,,,21.36,21.853,22.282,22.69,23.13,23.867,24.231,24.583,24.908,25.211,25.523,25.802,26.021,26.313,26.664,27.072,27.533,28.0,28.5,29.1,29.746,30.241,30.604,30.971,31.343
186,Vanuatu,0.115,0.119,0.123,0.126,0.13,0.135,0.139,0.141,0.145,0.146,0.148,0.151,0.154,0.157,0.164,0.169,0.173,0.177,0.182,0.187,0.191,0.195,0.2,0.204,0.209,0.214,0.219,0.224,0.229,0.234,0.24,0.245,0.251,0.257,0.263,0.269,0.275
187,Venezuela,14.952,15.41,15.868,16.316,16.773,17.241,17.45,17.888,18.336,18.784,19.411,19.879,20.347,20.815,21.283,21.751,22.219,22.676,23.13,23.593,24.394,24.803,25.212,25.622,26.033,26.445,26.858,27.273,27.689,28.106,28.524,28.944,29.365,29.786,30.206,30.62,31.029
188,Vietnam,54.18,55.31,56.4,57.47,58.57,59.71,60.92,62.3,63.5,64.774,66.017,67.242,68.45,69.645,70.825,71.996,73.157,74.307,75.456,76.597,77.635,78.686,79.727,80.899,82.032,82.392,83.311,84.219,85.119,86.025,86.933,87.84,88.809,89.76,90.728,91.713,92.691
189,Yemen,,,,,,,,,,,12.086,12.66,13.289,13.948,14.6,15.219,15.796,16.339,16.863,17.39,17.937,18.506,19.094,19.702,20.329,20.975,21.622,22.29,22.978,23.687,24.398,25.13,25.884,26.66,27.46,28.284,29.132
190,Zambia,5.907,6.101,6.297,6.495,6.695,6.897,7.104,7.317,7.538,7.769,8.013,8.259,8.505,8.751,9.018,9.254,9.502,9.764,10.034,10.309,10.585,10.861,11.14,11.426,11.726,12.044,12.382,12.739,13.115,13.508,13.917,14.344,14.787,15.246,15.721,16.212,16.717
191,Zimbabwe,7.092,7.3,7.606,7.849,8.099,8.385,8.648,8.919,9.199,9.488,9.786,10.093,10.41,10.776,11.147,11.523,11.905,11.786,11.756,11.724,11.693,11.663,11.632,11.64,11.73,11.83,12.01,12.04,12.12,12.23,12.34,12.459,13.061,13.43,13.778,14.135,14.501
192,World,3996.82,4069.096,4144.356,4218.709,4292.476,4368.621,4447.162,4527.177,4605.504,4835.866,5015.738,5108.293,5259.804,5345.961,5429.939,5521.546,5606.767,5692.231,5814.617,5891.896,5970.85,6069.126,6145.459,6250.783,6329.177,6406.83,6486.858,6569.938,6649.705,6729.126,6808.319,6868.653,6953.663,7034.933,7116.688,7199.96,7285.351
193,Total,3996.8210000000004,4069.095,4144.3550000000005,4218.710999999998,4292.474,4368.624,4447.161999999999,4527.179000000001,4605.501999999999,4835.87,5015.736,5108.294999999999,5259.801000000001,5345.955,5429.938999999996,5521.547999999997,5606.768,5692.230000000003,5814.615,5891.897999999998,5970.855000000002,6069.1240000000025,6145.4670000000015,6250.785999999998,6329.186000000005,6406.831999999998,6486.861999999999,6569.933999999997,6649.709000000002,6729.132000000001,6808.3180000000075,6868.647000000002,6953.667999999998,7034.942999999998,7116.690000000003,7199.963000000001,7285.345999999999
